Name,Price,Body.Location,Category,Company.Name,Company...Mapping.Location,Company...City,Company...U.S..State,Company...Country,Source,id
Barska GB12166 Fitness Watch with Heart Rate Monitor,$49.99,Wrist,Fitness,Barska,"Pomona, California, United States",Pomona,California,United States,Google Results,200
"Belkin GS5 Sport Fit Armband, Black F8M918B1C00",$24.99,Arms,Fitness,Belkin,"Playa Vista, California, United States",Playa Vista,California,United States,Google Results,129
"Bowflex EZ Pro Strapless Heart Rate Monitor Watch, Black",$12.99,Wrist,Medical,Bowflex,"Vancouver, Washington, United States",Vancouver,Washington,United States,Google Results,284
Casio G Shock Watch Solar Atom (gwm500a-1),$67.62,Wrist,Lifestyle,Casio,"Tokyo, Japan",Tokyo,,Japan,Google Results,145
Casio WS220 Solar Runner Digital Wrist Watch; Navy Blue,$39.99,Wrist,Lifestyle,Casio,"Tokyo, Japan",Tokyo,,Japan,Google Results,177
Coleman G7HD-SWIM POV 1080p 5 Megapixel Goggles Camcorder ELBG7HDSWIM,$167.99,Head,Entertainment,Coleman,"Golden, Colorado, United States",Golden,Colorado,United States,Google Results,193
Ekho Fit-18 Heart Rate Monitor 12-2042,$105.99,Wrist,Fitness,Ekho,"Dallas, Texas, United States",Dallas,Texas,United States,Google Results,293
Ekho FiT-9 Women's Heart Rate Monitor 12-2041,$95.12,Wrist,Medical,Ekho,"Dallas, Texas, United States",Dallas,Texas,United States,Google Results,153
Fitbit Flex Cordless Activity/Sleep Tracker - Black,$94.95,Wrist,Fitness,Fitbit,"San Francisco, California, United States",San Francisco,California,United States,Google Results,151
G1 Smartwatch /w Bluetooth Hands-Free Solution Large Black,$57.97,Wrist,Lifestyle,Mota,"San Jose, California, United States",San Jose,California,United States,Google Results,181
"Garmin Forerunner 220 GPS Running Watch, White/Violet",$249.99,Wrist,Fitness,Garmin,"Olathe, Kansas, United States",Olathe,Kansas,United States,Google Results,128
Garmin International Garmin v?_vofit Bundle - Activity tracking wristband - slate (010-01225-35),$169.99,Wrist,Fitness,Garmin,"Olathe, Kansas, United States",Olathe,Kansas,United States,Google Results,164
Garmin Vivofit Fitness Bracelet,$79.99,Wrist,Fitness,Garmin,"Olathe, Kansas, United States",Olathe,Kansas,United States,Google Results,294
"Garmin Vivofita,, Fitness Band",$129.99,Wrist,Fitness,Garmin,"Olathe, Kansas, United States",Olathe,Kansas,United States,Google Results,143
GolfBuddy WT3 Watch White,$169.95,Wrist,Lifestyle,Golf Buddy,"La Palma, California, United States",La Palma,California,United States,Google Results,173
Icebreaker Men's Tech Long Sleeve Shirt Crewe Monsoon/Black (XL),$109.99,Torso,,Icebreaker,"McCarran, Nevada, United States",McCarran,Nevada,United States,Google Results,220
Jawbone - Up - Activity tracking wristband - large size - Blue - for Apple iPad; iPad 1; and more,$79.99,Wrist,Medical,Jawbone,"San Francisco, California, United States",San Francisco,California,United States,Google Results,179
"Jawbone - Up - Activity tracking wristband - medium size - Onyx - for Apple iPhone 3G, 3GS, and more",$112.99,Wrist,Fitness,Jawbone,"San Francisco, California, United States",San Francisco,California,United States,Google Results,142
Jawbone - Up Wristband (large) - Red,$51.99,Wrist,Lifestyle,Jawbone,"San Francisco, California, United States",San Francisco,California,United States,Google Results,169
"Jawbone UP Fitness Tracker (Medium, Navy Blue)",$52.29,Wrist,Fitness,Jawbone,"San Francisco, California, United States",San Francisco,California,United States,Google Results,159
"Jawbone UP Fitness Tracker (Medium, Red)",$59.95,Wrist,Fitness,Jawbone,"San Francisco, California, United States",San Francisco,California,United States,Google Results,296
Jawbone UP24 Activity Tracker,$99.99,Wrist,Lifestyle,Jawbone,"San Francisco, California, United States",San Francisco,California,United States,Google Results,146
Jawbone UP24 Bluetooth Activity Tracker - Small - Onyx,$99.99,Wrist,Lifestyle,Jawbone,"San Francisco, California, United States",San Francisco,California,United States,Google Results,156
"Jawbone UP24 Orange Fitness Tracker, Medium",$129.95,Wrist,Fitness,Jawbone,"San Francisco, California, United States",San Francisco,California,United States,Google Results,199
"LifeTrak Move Activity Tracking Fitness Watch, Black/Green",$65.16,Wrist,Fitness,Lifetrak,"Fremont, California, United States",Fremont,California,United States,Google Results,147
"Magellan Echo Fitness Watch with Heart Rate Monitor, Black",$132.23,Wrist,Fitness,Magellan,"Taipei, Taiwan",Taipei,,Taiwan,Google Results,157
Magellan Echo with Heart Rate Monitor Bluetooth Smart Gray,$149.99,Wrist,Fitness,Magellan,"Taipei, Taiwan",Taipei,,Taiwan,Google Results,171
Martian Watches Victory Watch,$299,Wrist,Lifestyle,Martian,"Irvine, California, United States",Irvine,California,United States,Google Results,60
Mio - Link Sport Wristband Heart Rate Monitor (Large) - Slate,$96.99,Wrist,Medical,Mio,"Vancouver, Canada",Vancouver,,Canada,Google Results,150
Misfit Wearables Topaz Shine Activity Tracker - SH0GZ,$99.99,Wrist,Fitness,Misfit,"Burlingame, California, United States",Burlingame,California,United States,Google Results,99
Mota MT-G2PBR Smartwatch G2 Pro Black Large Bluetooth NFC Voice Activation,$87.89,Wrist,Lifestyle,Mota,"San Jose, California, United States",San Jose,California,United States,Google Results,176
New 2013 Suunto Core All Black Military Outdoor Sports Smart Watch SS014279010,$275,Wrist,Fitness,Suunto,"Vantaa, Finland",Vantaa,,Finland,Google Results,139
Polar FT60M - Activity tracker - monochrome - black - with heart rate sensor,$105,Wrist,Fitness,Polar,"Lake Success, New York, United States",Lake Success,New York,United States,Google Results,197
Polar FT80 Heart Rate Monitor - Black,$229.95,Wrist,Fitness,Polar,"Lake Success, New York, United States",Lake Success,New York,United States,Google Results,149
Polar Loop - Activity tracker - 4 MB - Bluetooth - 1.3 oz - black,$77.95,Wrist,Fitness,Polar,"Lake Success, New York, United States",Lake Success,New York,United States,Google Results,160
"Polar RC3 GPS with heart rate - Cycle, running GPS watch",$199.97,Wrist,Fitness,Polar,"Lake Success, New York, United States",Lake Success,New York,United States,Google Results,184
Polar RCX5 G5 GPS Heart Rate Monitor-Red,$291.99,Wrist,Fitness,Polar,"Lake Success, New York, United States",Lake Success,New York,United States,Google Results,297
POV Action Video Cameras - PRO27 - POV Action Video PRO27 POV HD 720p Action Camera Eyewear (Black),$149.95,Head,Entertainment,Pov,"Minneapolis, Minnesota, United States",Minneapolis,Minnesota,United States,Google Results,180
RC3 GPS Red/Orange - 90047381,$167.99,Wrist,Fitness,Polar,"Lake Success, New York, United States",Lake Success,New York,United States,Google Results,140
"Samsung Galaxy Gear - Smart watch - 1.63"" - 4 GB - NFC, Bluetooth - 1.9 Megapixel camera - 2.6 oz - gray",$127.49,Wrist,Lifestyle,Samsung,"Seoul, South Korea",Seoul,,South Korea,Google Results,172
Samsung Galaxy Gear Smartwatch (Rose Gold),$89.95,Wrist,Lifestyle,Samsung,"Seoul, South Korea",Seoul,,South Korea,Google Results,189
samsung gear 2 neo orange smart watch,$199.99,Wrist,Lifestyle,Samsung,"Seoul, South Korea",Seoul,,South Korea,Google Results,168
Samsung Gear(tm) Fit Band in Blue,$49.99,Wrist,Lifestyle,Samsung,"Seoul, South Korea",Seoul,,South Korea,Google Results,195
"Scosche Rhythm Bluetooth Armband Heart Rate Monitor, Yellow/Black",$49.97,Arms,Fitness,Scosche,"Oxnard, California, United States",Oxnard,California,United States,Google Results,182
Smart Health Walking Fit EKG Accurate Heart Rate Watch,$38.99,Wrist,Medical,Smarthealth,"Fremont, California, United States",Fremont,California,United States,Google Results,196
Smartwatch G2 MTSWG2WS,$63.69,Wrist,Lifestyle,Mota,"San Jose, California, United States",San Jose,California,United States,Google Results,281
Sportline 310 Qlip - Activity tracker - monochrome - white,$24.55,Waist,Fitness,Sportline,"Elmsford, New York, United States",Elmsford,New York,United States,Google Results,194
Sportline DUO 1010 (Mens) - Activity tracker - monochrome - black - with heart rate sensor,$49.99,Wrist,Fitness,Sportline,"Elmsford, New York, United States",Elmsford,New York,United States,Google Results,170
Sportline SOLO 965 (Womens) - Activity tracker - black,$59.99,Wrist,Fitness,Sportline,"Elmsford, New York, United States",Elmsford,New York,United States,Google Results,148
Striiv STRV01-003-0A Black Band Fitness Wristband with Activity/Sleep Tracking,$53.99,Wrist,"Lifestyle, Fitness",Striiv,"Redwood City, California, United States",Redwood City,California,United States,Google Results,289
"TomTom BT Heart Rate Monitor One Color, One Size 14688754",$59.60,Chest,Fitness,Tomtom,"Amsterdam, Netherlands",Amsterdam,,Netherlands,Google Results,191
Wholesale Wearable technology smart wristbands support windowsmobile an,$418.85,Wrist,Lifestyle,,Not Found,Not Found,,,Google Results,121
"Xtreme Cables XFit Fitness Band, Pink/Black - 2 pack",$49.99,Wrist,Fitness,Xtreme Cables,"Edison, New Jersey, United States",Edison,New Jersey,United States,Google Results,219
"YOO1 Activity Tracker and Shoe Clip, Raspberry",$19.99,Waist,Fitness,Yoo,"Ridgefield, Connecticut, United States",Ridgefield,Connecticut,United States,Google Results,178
"YOO2 Bluetooth Smart Activity Tracker, Raspberry",$39.99,Waist,Lifestyle,Yoo,"Ridgefield, Connecticut, United States",Ridgefield,Connecticut,United States,Google Results,144
"""Talk Trac Wearable Communicator,Communicator,Each""",$159.08,Wrist,Medical,Talk Trac,"Waycross, Giorgia, United States",Waycross,Giorgia,United States,Google Results,299
"010-00863-34, GARMIN 010-00863-34 Forerunner(R) 210 GPS Sports Watch",$153.40,Wrist,Fitness,Garmin,"Olathe, Kansas, United States",Olathe,Kansas,United States,Google Results,440
"010-01225-38, GARMIN 010-01225-38 v?_vofit(TM) Fitness Band Bundle (Red",$164.01,Wrist,Fitness,Garmin,"Olathe, Kansas, United States",Olathe,Kansas,United States,Google Results,459
1080p Dvr Digital Camera Glasses Eyewear Sunglasses,,Head,Entertainment,Amzdeal,"Hong Kong, China",Hong Kong,,China,Amazon,280
180s Men's Foundation LED Glove,$54.95,Hands,Lifestyle,180s,"Baltimore, Maryland, United States",Baltimore,Maryland,United States,Google Results,253
2014 Luxury U8 Bluetooth Smart Watch WristWatch Phone with Camera Touch Screen for IOS Iphone Android Smartphone...,,Wrist,Lifestyle,Uzou,"Hong Kong, China",Hong Kong,,China,Amazon,300
25 Flash Drive Bracelets | Slappy USB Drive,$267.25,Wrist,Lifestyle,,Not Found,Not Found,,,Google Results,31
4-in-1 Waterproof 12MP 1080P Full HD Sports Action Camera Car Dashcam with G-Sensor Motion Detection 140 Degrees...,,Head,Entertainment,Spytec,"New York City, New York, United States",New York City,New York,United States,Amazon,286
5.0 Mega pixels HD 1280X720 Spy Camera Sunglasses with MP3 player 8GB,,Head,Entertainment,Megaview,"Shenzhen, China",Shenzhen,,China,Amazon,288
6314 Tool Tech Material Handling Glove X-Large,$12.65,Hands,"Lifestyle, Fitness",Sas Safety,"Long Beach, California, United States",Long Beach,California,United States,Google Results,318
Ablenet 10002000 Talktrac Wearable Communicator,$166.95,Wrist,Lifestyle,Ablenet,"Roseville, Minnesota, United States",Roseville,Minnesota,United States,Google Results,96
"Accessories Garmin Pack 3 Small Straps for Vivofit (orange,pink,green)",$24.99,Wrist,Lifestyle,Garmin,"Olathe, Kansas, United States",Olathe,Kansas,United States,Google Results,285
"Accusplit AE920HRM Strapless Heart Monitor, Black",$76.99,Wrist,Fitness,Accusplit,"Pleasanton, California, United States",Pleasanton,California,United States,Google Results,131
Adafruit Industries 1090 Flora GPS Sensor Module Pack,$85.72,Waist,,Adafruit Industries,"New York City, New York, United States",New York City,New York,United States,Google Results,26
Adafruit Industries 1222 Gemma Arduino Wearable Controller,$7.95,Neck,Industrial,Adafruit Industries,"New York City, New York, United States",New York City,New York,United States,Google Results,48
Adhesive Flat Surface Mount For MHD Sport Wi-Fi Action Camera,$4.74,Head,Entertainment,,Not Found,Not Found,,,Google Results,101
"Apple - Nike + iPod Sensor - Wireless in-shoe sensor - for iPhone 3GS, 4, and more",$19.99,Feet,Fitness,Nike,"Beaverton, Oregon, United States",Beaverton,Oregon,United States,Google Results,28
Archos Activity Tracker 502590E,$66.99,Wrist,Fitness,Archos,"Igny, France",Igny,,France,Google Results,286
Autographer Wearable Camera - Classic Black,,Head,Entertainment,Autographer,"London, United Kingdom",London,,United Kingdom,Amazon,276
Basis Peak - Ultimate Fitness and Sleep Tracker (Brushed Metal/White),,Wrist,Lifestyle,Basis Peak,"San Francisco, California, United States",San Francisco,California,United States,Amazon,62
Basis Peak - Ultimate Fitness and Sleep Tracker (Matte Black/Black),,Wrist,Lifestyle,Basis Peak,"San Francisco, California, United States",San Francisco,California,United States,Amazon,23
Blynk - Wearable Hands Free Camera- Black,,Waist,Entertainment,Lyfeshot,"Acton, Massachusetts, United States",Acton,Massachusetts,United States,Amazon,281
Bowflex EZ Pro Heart Rate Monitor Watch w/ Quick Touch Technology ...,$12.99,Wrist,Fitness,Bowflex,"Vancouver, Washington, United States",Vancouver,Washington,United States,Google Results,110
"Bowflex EZ Pro Heart Rate Monitor Watch, Khaki",$12.99,Wrist,Fitness,Bowflex,"Vancouver, Washington, United States",Vancouver,Washington,United States,Google Results,340
Bushnell 150l Rubicon Headlamp,$34.99,Head,,Bushnell,"Overland Park, Kansas, United States",Overland Park,Kansas,United States,Google Results,264
Casio A168W-1 Mens Classic Digital Electro Luminescence Bracelet Wrist Watch; Silver,$13.99,Wrist,Lifestyle,Casio,"Tokyo, Japan",Tokyo,,Japan,Google Results,543
Casio AQS810W Solar Analog/Digital Wrist Watch; Navy/White,$43.16,Wrist,Lifestyle,Casio,"Tokyo, Japan",Tokyo,,Japan,Google Results,505
Casio AQW100-1AV Mens Digital/Analog Forester Active Dial Sports Wrist Watch W/Resin Band; Black,$37.33,Wrist,Lifestyle,Casio,"Tokyo, Japan",Tokyo,,Japan,Google Results,467
Casio Casio AMW-360B-1A1V Mens Analog Digital Silicone Strap Sports Watch,$52.99,Wrist,Lifestyle,Casio,"Tokyo, Japan",Tokyo,,Japan,Google Results,98
CASIO Casio SGW300H-1AV Wrist Watch - Men Sports Chronograph Digital Quartz,$41.99,Wrist,Lifestyle,Casio,"Tokyo, Japan",Tokyo,,Japan,Google Results,279
Casio G-SHOCK Multi-Function Chronograph Alarm Sport Watch #DW-9052-1V,$41.31,Wrist,Lifestyle,Casio,"Tokyo, Japan",Tokyo,,Japan,Google Results,482
"Casio LA-11WB-1 Women's Digital Daily Alarm Classic Water Resistant Wrist Watch, Black",$9.91,Wrist,Lifestyle,Casio,"Tokyo, Japan",Tokyo,,Japan,Google Results,523
Casio Men's Black Analog Anti Reverse Bezel Watch Black - C195470,$38.38,Wrist,Lifestyle,Casio,"Tokyo, Japan",Tokyo,,Japan,Google Results,472
Casio Mens EFA119BK-1AV Ana-Digi Edifice Stainless Steel Watch,$79.99,Wrist,Lifestyle,Casio,"Tokyo, Japan",Tokyo,,Japan,Google Results,388
Casio Mens G-Shock Illuminator Black 200 Meters Alarm DW6900-1,$29.99,Wrist,Lifestyle,Casio,"Tokyo, Japan",Tokyo,,Japan,Google Results,447
Casio Mens Solar Digital Analog Sport Watch,$49.99,Wrist,Lifestyle,Casio,"Tokyo, Japan",Tokyo,,Japan,Google Results,455
Casio Mens W-S220C-4AVCF Tough Solar Runner Digital Display Quartz Re,$33.49,Wrist,Lifestyle,Casio,"Tokyo, Japan",Tokyo,,Japan,Google Results,532
Casio Shock G100-1bv Black Rubber Strap Digital Analog 20 Bar 200m,$99.99,Wrist,Lifestyle,Casio,"Tokyo, Japan",Tokyo,,Japan,Google Results,454
Casio Tough Solar Ana Digi Watch,$36.31,Wrist,Lifestyle,Casio,"Tokyo, Japan",Tokyo,,Japan,Google Results,513
"Casio Unisex STB-1000-1CF ""OmniSync Sports"" Bluetooth-Enabled SmartWatch",,Wrist,Lifestyle,Casio,"Tokyo, Japan",Tokyo,,Japan,Amazon,121
Casio Watches WV200A-1A Wave Ceptor Atomic Sports Watch,$39.99,Wrist,Lifestyle,Casio,"Tokyo, Japan",Tokyo,,Japan,Google Results,473
Casio Wrist Watch - Men - Sports - Anadigi - Quartz ...,$59.96,Wrist,Lifestyle,Casio,"Tokyo, Japan",Tokyo,,Japan,Google Results,236
Cogito Classic - Clockwork Orange,$179.95,Wrist,Lifestyle,Cogito,"Hong Kong, China",Hong Kong,,China,Google Results,40
Cogito Classic - Green Velvet,$179.95,Wrist,Lifestyle,Cogito,"Hong Kong, China",Hong Kong,,China,Google Results,54
COGITO Classic Connected Watch (Clockwork Orange),$179.99,Wrist,Lifestyle,Cogito,"Hong Kong, China",Hong Kong,,China,Google Results,256
Cogito Classic Smart Bluetooth Connected Watch For Smartphones Retail,$179.99,Wrist,Lifestyle,Cogito,"Hong Kong, China",Hong Kong,,China,Google Results,115
"COGITO CW2.0-003-01 CLASSIC watch 2.0, w/Silicone band White Alpine",$179.99,Wrist,Lifestyle,Cogito,"Hong Kong, China",Hong Kong,,China,Google Results,88
Cogito Pop - Black Panther,$129.95,Wrist,Lifestyle,Cogito,"Hong Kong, China",Hong Kong,,China,Google Results,167
Cogito Pop - Grey Paloma,$129.95,Wrist,Lifestyle,Cogito,"Hong Kong, China",Hong Kong,,China,Google Results,248
Coleman Aktivsport Action Camera with GPS (Red),$159,Head,Entertainment,Coleman,"Golden, Colorado, United States",Golden,Colorado,United States,Google Results,85
Coleman CX12WP+LCD Bravo2 POV 1080p High Definition 5 Megapixel Sports,$175,Wrist,Entertainment,Coleman,"Golden, Colorado, United States",Golden,Colorado,United States,Google Results,135
Coleman CX12WP+RC POV 1080p High Definition 5 Megapixel Sports & Actio,$177.99,Head,Entertainment,Coleman,"Golden, Colorado, United States",Golden,Colorado,United States,Google Results,411
Coleman CX5HD 5.0 MP Action camera - 720p - Metallic silver,$56,Head,Entertainment,Coleman,"Golden, Colorado, United States",Golden,Colorado,United States,Google Results,385
Coleman G3HD-SUN 1080 POV HD 5MP SG Cmcrdr,$149,Head,Entertainment,Coleman,"Golden, Colorado, United States",Golden,Colorado,United States,Google Results,65
Coleman G9HD-SKI POV 1080p Hight Definiton 5.0 Megapixel Snow Goggles,$160.99,Head,Entertainment,Coleman,"Golden, Colorado, United States",Golden,Colorado,United States,Google Results,485
Contour ROAM2 Waterproof Video Camera (Black),,Head,Entertainment,Contour,"Provo, Utah, United States",Provo,Utah,United States,Amazon,77
Contour ROAM2 Waterproof Video Camera (Blue),,Head,Entertainment,Contour,"Provo, Utah, United States",Provo,Utah,United States,Amazon,89
Contour ROAM2 Waterproof Video Camera (Green),,Head,Entertainment,Contour,"Provo, Utah, United States",Provo,Utah,United States,Amazon,92
Contour ROAM3 Waterproof HD Video Camera (Black),,Head,Entertainment,Contour,"Provo, Utah, United States",Provo,Utah,United States,Amazon,312
Contour+2 Video Camera,,Head,Entertainment,Contour,"Provo, Utah, United States",Provo,Utah,United States,Amazon,87
Dorcy 230L ZX Series Flashlight,$33.74,Hands,Industrial,Dorcy,"Columbus, Ohio, United States",Columbus,Ohio,United States,Google Results,152
Drift Innovation HD Ghost Wi-Fi Waterproof Digital Video Action Camera Camcorder,,Head,Entertainment,Drift Innovation,"Denver, Colorado, United States",Denver,Colorado,United States,Amazon,85
"Drift Innovation HD170 Stealth Action Camera with HD Recording, 4x Digital Zoom and 1.5-Inch LCD Screen (Black...",,Head,Entertainment,Drift Innovation,"Denver, Colorado, United States",Denver,Colorado,United States,Amazon,297
Ekho FiT-19 Women's Heart Rate Monitor 12-2043,$105.99,Wrist,Fitness,Ekho,"Dallas, Texas, United States",Dallas,Texas,United States,Google Results,136
Ematic - ESW454W - Ematic SmartWatch - Digital - Quartz,$79.99,Wrist,Lifestyle,Ematic,"Los Angeles, California, United States",Los Angeles,California,United States,Google Results,331
Ematic Smart Watch (Black),$99,Wrist,Lifestyle,Ematic,"Los Angeles, California, United States",Los Angeles,California,United States,Google Results,70
Ematic SmartWatch - Digital - Quartz ...,$92.95,Wrist,Lifestyle,Ematic,"Los Angeles, California, United States",Los Angeles,California,United States,Google Results,352
Epic POV Camera,,Head,Entertainment,Epic,"Grand Prairie, Texas, United States",Grand Prairie,Texas,United States,Amazon,262
Epic Pov Cameras Stealth Cam Action Video Recorder 1080P Carbine with Nano Technology,,Head,Entertainment,Epic,"Grand Prairie, Texas, United States",Grand Prairie,Texas,United States,Amazon,309
Epson Moverio BT-200 Smart Glasses (Developer Edition),,Head,Industrial,Epson,"Suwa, Japan",Suwa,,Japan,Amazon,93
Etrak PetTrak GPS Tracking Device for Pets,,Neck,Pets and Animals,Etrak,"Dallas, Texas, United States",Dallas,Texas,United States,Amazon,174
"Fabrication Enterprises E-10 Heart Rate Monitor, Green",$65.44,Wrist,Fitness,Fabrication Enterprises,"White Plains, New York, United States",White Plains,New York,United States,Google Results,376
"Fitbit Charge Wireless Activity Wristband, Black, Large",,Wrist,Fitness,Fitbit,"San Francisco, California, United States",San Francisco,California,United States,Amazon,2
"Fitbit Charge Wireless Activity Wristband, Black, Small",,Wrist,Fitness,Fitbit,"San Francisco, California, United States",San Francisco,California,United States,Amazon,5
"Fitbit Charge Wireless Activity Wristband, Slate, Large",,Wrist,Lifestyle,Fitbit,"San Francisco, California, United States",San Francisco,California,United States,Amazon,14
"Fitbit Charge Wireless Activity Wristband, Slate, Small",,Wrist,Fitness,Fitbit,"San Francisco, California, United States",San Francisco,California,United States,Amazon,24
"Fitbit Flex Wireless Activity & Sleep Tracker Wristband, Slate",$94,Wrist,Fitness,Fitbit,"San Francisco, California, United States",San Francisco,California,United States,Google Results,380
"Fitbit Flex Wireless Activity + Sleep Wristband, Black",,Wrist,Lifestyle,Fitbit,"San Francisco, California, United States",San Francisco,California,United States,Amazon,1
"Fitbit Flex Wireless Activity + Sleep Wristband, Slate",,Wrist,Lifestyle,Fitbit,"San Francisco, California, United States",San Francisco,California,United States,Amazon,6
"Fitbit Flex Wireless Activity + Sleep Wristband, Tangerine [Amazon Exclusive]",,Wrist,Fitness,Fitbit,"San Francisco, California, United States",San Francisco,California,United States,Amazon,17
"Fitbit One Wireless Activity & Sleep Tracker, Burgundy",$89.95,Waist,Lifestyle,Fitbit,"San Francisco, California, United States",San Francisco,California,United States,Google Results,95
"Fitbit One Wireless Activity Plus Sleep Tracker, Black",,Waist,Fitness,Fitbit,"San Francisco, California, United States",San Francisco,California,United States,Amazon,4
"Fitbit One Wireless Activity Plus Sleep Tracker, Burgundy",,Waist,Lifestyle,Fitbit,"San Francisco, California, United States",San Francisco,California,United States,Amazon,10
"Fitbit Zip Wireless Activity Tracker, Charcoal",,Waist,Lifestyle,Fitbit,"San Francisco, California, United States",San Francisco,California,United States,Amazon,9
"Fitbit Zip Wireless Activity Tracker, Lime",$53.99,Waist,Fitness,Fitbit,"San Francisco, California, United States",San Francisco,California,United States,Google Results,336
"Fitbit Zip Wireless Activity Tracker, Magenta",,Waist,Lifestyle,Fitbit,"San Francisco, California, United States",San Francisco,California,United States,Amazon,20
Freehand Glove Kit,$322.58,Hands,Medical,Freehand,"New York City, New York, United States",New York City,New York,United States,Google Results,49
"GAME GOLF Digital Tracking System, Red/Black",,Waist,Fitness,GameGolf,"San Francisco, California, United States",San Francisco,California,United States,Amazon,178
"Garmin - Heart rate monitor - for Colorado 300,400c, and more",$36.29,Chest,Fitness,Garmin,"Olathe, Kansas, United States",Olathe,Kansas,United States,Google Results,354
"Garmin - Heart rate monitor strap - for Edge 205,305, and more",$5.75,Waist,Medical,Garmin,"Olathe, Kansas, United States",Olathe,Kansas,United States,Google Results,529
"Garmin - Premium - Heart rate monitor - for Edge 705; Forerunner 305, and more",$35.99,Wrist,Fitness,Garmin,"Olathe, Kansas, United States",Olathe,Kansas,United States,Google Results,561
Garmin - v?_vofit Fitness Band with Heart Rate Monitor - Red,$119.99,Wrist,Fitness,Garmin,"Olathe, Kansas, United States",Olathe,Kansas,United States,Google Results,165
"Garmin - Wrist strap - large size - Blue, purple, teal - for Garmin v?_vofit",$24.99,Wrist,,Garmin,"Olathe, Kansas, United States",Olathe,Kansas,United States,Google Results,353
Garmin - Wrist strap kit,$9.95,Wrist,,Garmin,"Olathe, Kansas, United States",Olathe,Kansas,United States,Google Results,323
Garmin 010-N0863-32 Forerunner 210 GPS Receiver w/ Heart Rate Monitor,$209.11,Wrist,Fitness,Garmin,"Olathe, Kansas, United States",Olathe,Kansas,United States,Google Results,544
"Garmin DC 50, GPS Dog Transmitter",,Neck,Pets and Animals,Garmin,"Olathe, Kansas, United States",Olathe,Kansas,United States,Amazon,167
Garmin Delta Dog Training Collar,,Neck,Pets and Animals,Garmin,"Olathe, Kansas, United States",Olathe,Kansas,United States,Amazon,227
"Garmin fenix 2 - Hiking, running GPS watch - 1.2"" monochrome - 70 x 70",$399.99,Wrist,Fitness,Garmin,"Olathe, Kansas, United States",Olathe,Kansas,United States,Google Results,493
"Garmin Forerunner 10 - Running GPS receiver - Monochrome - 55 x 32, Purple/White",$129.99,Wrist,Fitness,Garmin,"Olathe, Kansas, United States",Olathe,Kansas,United States,Google Results,166
"Garmin Forerunner 10 GPS Running Watch, Black/Red",$99.99,Wrist,Fitness,Garmin,"Olathe, Kansas, United States",Olathe,Kansas,United States,Google Results,507
Garmin Forerunner 10 GPS Watch (Black/Orange),,Wrist,Fitness,Garmin,"Olathe, Kansas, United States",Olathe,Kansas,United States,Amazon,69
Garmin Forerunner 10 GPS Watch (Black/Red),,Wrist,Fitness,Garmin,"Olathe, Kansas, United States",Olathe,Kansas,United States,Amazon,58
Garmin Forerunner 10 GPS Watch (Black/Sliver),,Wrist,Fitness,Garmin,"Olathe, Kansas, United States",Olathe,Kansas,United States,Amazon,48
Garmin Forerunner 10 GPS Watch (Green/White),,Wrist,Fitness,Garmin,"Olathe, Kansas, United States",Olathe,Kansas,United States,Amazon,61
Garmin Forerunner 10 GPS Watch (Pink/White),,Wrist,Fitness,Garmin,"Olathe, Kansas, United States",Olathe,Kansas,United States,Amazon,57
Garmin Forerunner 10 GPSWatch (Violet),,Wrist,Fitness,Garmin,"Olathe, Kansas, United States",Olathe,Kansas,United States,Amazon,60
"Garmin Forerunner 10 Running GPS Receiver - Monochrome - 55 x 32, Green/White",$129.99,Wrist,Fitness,Garmin,"Olathe, Kansas, United States",Olathe,Kansas,United States,Google Results,477
"Garmin Forerunner 10 Running GPS Receiver, Monochrome",$129.99,Wrist,Fitness,Garmin,"Olathe, Kansas, United States",Olathe,Kansas,United States,Google Results,465
"Garmin Forerunner 10 Running GPS receiver, Monochrome, 55 x 32, Pink/White",$129.99,Wrist,Fitness,Garmin,"Olathe, Kansas, United States",Olathe,Kansas,United States,Google Results,502
Garmin Forerunner 15 - Running GPS watch - Monochrome - 55 x 32,$169.99,Wrist,Fitness,Garmin,"Olathe, Kansas, United States",Olathe,Kansas,United States,Google Results,402
Garmin Forerunner 210,$167.33,Wrist,Fitness,Garmin,"Olathe, Kansas, United States",Olathe,Kansas,United States,Google Results,410
"Garmin Forerunner 210 Special Edition, White/Green/Blue",$163.99,Wrist,Fitness,Garmin,"Olathe, Kansas, United States",Olathe,Kansas,United States,Google Results,471
"Garmin ForeRunner 210 with Heart Rate Monitor, Black",$199.99,Chest,Fitness,Garmin,"Olathe, Kansas, United States",Olathe,Kansas,United States,Google Results,499
Garmin Forerunner 220 - Black/Red,,Wrist,Fitness,Garmin,"Olathe, Kansas, United States",Olathe,Kansas,United States,Amazon,56
"Garmin Forerunner 220 - Running GPS watch - 1"" 180 x 180",$249.99,Wrist,Lifestyle,Garmin,"Olathe, Kansas, United States",Olathe,Kansas,United States,Google Results,517
Garmin Forerunner 220 - White/Violet,,Wrist,Fitness,Garmin,"Olathe, Kansas, United States",Olathe,Kansas,United States,Amazon,67
Garmin Forerunner 310XT Waterproof Running GPS With USB ANT Stick and Heart Rate Monitor,,Wrist,Fitness,Garmin,"Olathe, Kansas, United States",Olathe,Kansas,United States,Amazon,51
"Garmin Forerunner 610 Running GPS receiver - 1"" Monochrome - 128 x 128",$129.99,Wrist,Fitness,Garmin,"Olathe, Kansas, United States",Olathe,Kansas,United States,Google Results,542
Garmin Forerunner 610 Touchscreen GPS Watch With Heart Rate Monitor,,Wrist,Fitness,Garmin,"Olathe, Kansas, United States",Olathe,Kansas,United States,Amazon,59
"Garmin Forerunner 620 - Running GPS watch - 1"" 180 x 180",$400,Wrist,Fitness,Garmin,"Olathe, Kansas, United States",Olathe,Kansas,United States,Google Results,481
Garmin Forerunner 910XT - Running GPS watch - Monochrome - 160 x 100,$399.99,Wrist,Fitness,Garmin,"Olathe, Kansas, United States",Olathe,Kansas,United States,Google Results,524
Garmin Forerunner 910XT GPS-Enabled Sport Watch,,Wrist,Fitness,Garmin,"Olathe, Kansas, United States",Olathe,Kansas,United States,Amazon,53
Garmin Forerunner 910XT GPS-Enabled Sport Watch with Heart Rate Monitor,,Wrist,Fitness,Garmin,"Olathe, Kansas, United States",Olathe,Kansas,United States,Amazon,66
Garmin Forerunner 910XT GPS-Enabled Sport Watch with Heart Rate Monitor (Triathlon Bundle),,Wrist,Fitness,Garmin,"Olathe, Kansas, United States",Olathe,Kansas,United States,Amazon,55
Garmin HRM-Run Heart Rate Monitor Black,$99.99,Chest,Fitness,Garmin,"Olathe, Kansas, United States",Olathe,Kansas,United States,Google Results,443
Garmin International Garmin v?_vofit Bundle - Activity tracking wristband - blue (010-01225-34),$169.99,Wrist,Fitness,Garmin,"Olathe, Kansas, United States",Olathe,Kansas,United States,Google Results,334
"Garmin Small Vivofit Replacement Bands, Black/Red/Slate",$24.99,Wrist,Fitness,Garmin,"Olathe, Kansas, United States",Olathe,Kansas,United States,Google Results,335
Garmin tempe Wireless Temperature Sensor - Temperature sensor,$26.95,Waist,Lifestyle,Garmin,"Olathe, Kansas, United States",Olathe,Kansas,United States,Google Results,351
Garmin TT10 GPS Track and Train Dog Device,,Neck,Pets and Animals,Garmin,"Olathe, Kansas, United States",Olathe,Kansas,United States,Amazon,166
Garmin VIRB 16.0 MP Action camera - 1080p,$187.82,Head,Entertainment,Garmin,"Olathe, Kansas, United States",Olathe,Kansas,United States,Google Results,562
Garmin VIRB Elite 1080p HD Action Camera with Wi-Fi and GPS,$249.99,Head,Entertainment,Garmin,"Olathe, Kansas, United States",Olathe,Kansas,United States,Google Results,466
Garmin Virb Elite Action Camera,,Head,Entertainment,Garmin,"Olathe, Kansas, United States",Olathe,Kansas,United States,Amazon,81
Garmin Virb Elite Camera - Dark,,Head,Entertainment,Garmin,"Olathe, Kansas, United States",Olathe,Kansas,United States,Amazon,82
Garmin Virb POV HD 1080p 30fps 16MP Wearable Camera with ANT+ & 1.4 Chroma LCD Screen (010-01088-00) (16GB Tempe...,,Head,Entertainment,Garmin,"Olathe, Kansas, United States",Olathe,Kansas,United States,Amazon,291
Garmin Vivofit Fitness Band - Black,,Wrist,Fitness,Garmin,"Olathe, Kansas, United States",Olathe,Kansas,United States,Amazon,3
Garmin Vivofit Fitness Band - Black Bundle,,Wrist,Fitness,Garmin,"Olathe, Kansas, United States",Olathe,Kansas,United States,Amazon,11
Garmin Vivofit Fitness Band - HRM Bundle - Teal,$119.99,Wrist,Fitness,Garmin,"Olathe, Kansas, United States",Olathe,Kansas,United States,Google Results,436
Garmin Vivofit Fitness Band - Purple,,Wrist,Fitness,Garmin,"Olathe, Kansas, United States",Olathe,Kansas,United States,Amazon,21
Garmin Vivofit Fitness Band - Slate,,Wrist,Fitness,Garmin,"Olathe, Kansas, United States",Olathe,Kansas,United States,Amazon,12
Garmin Vivofit Fitness Band - Slate Bundle,,Wrist,Fitness,Garmin,"Olathe, Kansas, United States",Olathe,Kansas,United States,Amazon,22
"Garmin Vivofit Fitness Band Bundle with Heart Rate Monitor/2 Bracelets/USB Ant Stick, Purple",$141.99,Wrist,Fitness,Garmin,"Olathe, Kansas, United States",Olathe,Kansas,United States,Google Results,458
"Garmin Vivofit Fitness Band, Blue",$129.99,Wrist,Fitness,Garmin,"Olathe, Kansas, United States",Olathe,Kansas,United States,Google Results,456
"Garmin Vivofita,, Fitness Band With Heart Rate Monitor",$169.99,Wrist,Fitness,Garmin,"Olathe, Kansas, United States",Olathe,Kansas,United States,Google Results,103
"Garmin v?_vosmart - Large - activity tracker - monochrome - Bluetooth, ANT/ANT+ - 0.7 oz - purple",$169.99,Wrist,Fitness,Garmin,"Olathe, Kansas, United States",Olathe,Kansas,United States,Google Results,12
"Garmin v?_vosmart - Small - activity tracker - monochrome - Bluetooth, ANT/ANT+ - 0.7 oz - black - with heart rate monitor",$199.99,Wrist,Fitness,Garmin,"Olathe, Kansas, United States",Olathe,Kansas,United States,Google Results,418
"Garmin v?_vosmart - Small - activity tracker - monochrome - Bluetooth, ANT/ANT+ - 0.7 oz - slate",$169.99,Wrist,Fitness,Garmin,"Olathe, Kansas, United States",Olathe,Kansas,United States,Google Results,18
Generic vg260 portable wireless video glasses eyewear mobile theatre w DHgate,$130.69,Head,Entertainment,Generic,Not Found,Not Found,,,Google Results,237
Genuine Samsung Smart Watch For Galaxy Note 3 Gear Fit Galaxy S5 S4,$149.99,Wrist,Lifestyle,Samsung,"Seoul, South Korea",Seoul,,South Korea,Google Results,424
Gerbing Men's Battery Heated Fleece Jacket - Black,$229.99,Torso,Lifestyle,Gerbing,"Stoneville, North Carolina, United States",Stoneville,North Carolina,United States,Google Results,239
Gibi Pet Location GPS Service Unit,,Neck,Pets and Animals,Gibi,"Menlo Park, California, United States",Menlo Park,California,United States,Amazon,169
GoFit GF-WTSLD Power Sled with Harness & Strap,$91.99,Torso,Fitness,Gofit,"Tulsa, Oklahoma, United States",Tulsa,Oklahoma,United States,Google Results,56
GoHeart Heart Rate Monitor GH100-US,$40.52,Chest,"Lifestyle, Fitness",Papago,"Taipei, Taiwan",Taipei,,Taiwan,Google Results,283
Golf Buddy Voice GPS Range Finder,$99.95,Wrist,Lifestyle,Golf Buddy,"La Palma, California, United States",La Palma,California,United States,Google Results,349
Golf Buddy VT3 Black Golf Voice GPS Rangefinder Preloaded Courses,$199.99,Wrist,Fitness,Golf Buddy,"La Palma, California, United States",La Palma,California,United States,Google Results,89
"GolfSense 3D Golf Swing Analyzer for iPhone, iPad and Android",,Hands,Gaming,Zepp,"Los Gatos, California, United States",Los Gatos,California,United States,Amazon,175
Google Glass Explorer Edition XE V2 Cotton White - Deluxe Bundle,,Head,Entertainment,Google,"Mountain View, California, United States",Mountain View,California,United States,Amazon,97
GoPro Camera Sportsman Mount (Black),,Head,Entertainment,Gopro,"San Mateo, California, United States",San Mateo,California,United States,Amazon,305
GoPro HERO,,Head,Entertainment,Gopro,"San Mateo, California, United States",San Mateo,California,United States,Amazon,72
GoPro HERO3: Silver Edition,,Head,Entertainment,Gopro,"San Mateo, California, United States",San Mateo,California,United States,Amazon,80
GoPro HERO3: White Edition,,Head,Entertainment,Gopro,"San Mateo, California, United States",San Mateo,California,United States,Amazon,74
GoPro HERO3+: Black Edition,,Head,Entertainment,Gopro,"San Mateo, California, United States",San Mateo,California,United States,Amazon,76
GoPro HERO3+: Silver Edition,,Head,Entertainment,Gopro,"San Mateo, California, United States",San Mateo,California,United States,Amazon,73
GoPro HERO4 BLACK,,Head,Entertainment,Gopro,"San Mateo, California, United States",San Mateo,California,United States,Amazon,71
GoPro HERO4 SILVER,,Head,Entertainment,Gopro,"San Mateo, California, United States",San Mateo,California,United States,Amazon,70
H1 Heart Rate Sensor M-XXL,,Chest,Fitness,Polar,"Lake Success, New York, United States",Lake Success,New York,United States,Amazon,194
"HBsuper by HoodieBuddie Boys' Lightweight Hoodie, Sizes S-xl - Bloomingdale's Exclusive",$64,Torso,Lifestyle,Hoodiebuddie,"Los Angeles, California, United States",Los Angeles,California,United States,Google Results,508
Health ID Emergency Medical ID Bracelet with Smartphone Access - Black,,Wrist,Medical,Health Id,"Providence, Rhode Island, United States",Providence,Rhode Island,United States,Amazon,192
HealthSmart - 03-402-000 - Heart Rate Monitor Watch,$17.79,Wrist,Medical,,Not Found,Not Found,,,Google Results,431
HealthSmart Digital 3-Dimension Pocket Pedometer,$11.98,Waist,Fitness,Healthsmart,"Irving, Texas, United States",Irving,Texas,United States,Google Results,368
"HealthSmart Ring Heart Rate Monitor, Red",$24.78,Wrist,Fitness,Healthsmart,"Irving, Texas, United States",Irving,Texas,United States,Google Results,358
"HeartMath 6400 Inner Balance Sensor for IOS, Black",,Chest,Fitness,Heartmath,"Boulder Creek, California, United States",Boulder Creek,California,United States,Amazon,189
HeartMath EmWave Pro Model-6030,,Head,Medical,Heartmath,"Boulder Creek, California, United States",Boulder Creek,California,United States,Amazon,195
HeartMath Inner Balance-Lightning Sensor for Iphone5 and Ipad Air,,Head,Medical,Heartmath,"Boulder Creek, California, United States",Boulder Creek,California,United States,Amazon,186
"High Tech Pet MS-4 Digital, Water-Resistant Ultrasonic Collar",$34.99,Neck,Pets and Animals,High Tech Pet,"Ventura, California, United States",Ventura,California,United States,Google Results,41
High Tech Pet RX-10 Dog Collar for Pet Doors,$76.29,Neck,Pets and Animals,High Tech Pet,"Ventura, California, United States",Ventura,California,United States,Google Results,74
ibitz - Kids PowerKey Wireless Activity Monitor - Watermelon,$30.99,Waist,Medical,Geopalz,"Boulder, Colorado, United States",Boulder,Colorado,United States,Google Results,123
iBitz Kids Activity Tracker,,Waist,Medical,Ibitz,"Boulder, Colorado, United States",Boulder,Colorado,United States,Amazon,216
iBitz Unity Adult Fitness Tracker,,Waist,Fitness,Ibitz,"Boulder, Colorado, United States",Boulder,Colorado,United States,Amazon,206
Ifit Tracker Band & Clip,$79,Wrist,Fitness,Ifit,"Taipei, Taiwan",Taipei,,Taiwan,Google Results,278
iHealth BP5 Wireless Blood Pressure Monitor for iPhone and Android,,Arms,Medical,Ihealth,"Mountain View, California, United States",Mountain View,California,United States,Amazon,187
iHealth BP7 Wireless Blood Pressure Wrist Monitor for iPhone and Android,,Wrist,Medical,Ihealth,"Mountain View, California, United States",Mountain View,California,United States,Amazon,242
iHealth PO3 Pulse Oximeter for iPhone,,Hands,Medical,Ihealth,"Mountain View, California, United States",Mountain View,California,United States,Amazon,241
IK Multimedia iRing White,$24.99,Hands,Entertainment,Ik Multimedia,"Modena, Italy",Modena,,Italy,Google Results,244
Impact Sports Technologies ePulse2 Heart Rate Monitor and Calorimeter,$83.63,Wrist,Medical,Impact Sports Technologies,"Las Vegas, Nevada, United States",Las Vegas,Nevada,United States,Google Results,425
"Insten Mini Digital LCD Pedometer, Black",$3.99,Waist,Fitness,Insten,"Arcadia, California, United States",Arcadia,California,United States,Google Results,393
Inventio-HD Pro 1080P Video Sunglasses (1080p 30fps & 720p 60fps),,Head,Entertainment,Spytec,"New York City, New York, United States",New York City,New York,United States,Amazon,287
iON Air Pro 2 Wi-Fi 14.0 MP Action camera - 1080p,$149.99,Head,Entertainment,Ion,"Somerset, New Jersey, United States",Somerset,New Jersey,United States,Google Results,29
iPhone 5 becomes wearable camera: iMountZ 2,,Head,Entertainment,Bullethd,"Hong Kong, China",Hong Kong,,China,Amazon,289
iriverOn - headset - Ear-bud - Black,$199.99,Head,Entertainment,Iriveron,"Irvine, California, United States",Irvine,California,United States,Google Results,16
iSwimband Personal Drowning Detection System for iOS (Sunfish Yellow),,Head,Medical,Iswimband,"Redding, Connecticut, United States",Redding,Connecticut,United States,Amazon,157
Jawbone - Up - Activity tracking wristband - small size - Blue - for Apple iPad; iPad 1; and more,$57.99,Wrist,Medical,Jawbone,"San Francisco, California, United States",San Francisco,California,United States,Google Results,52
Jawbone - Up Wristband (large) - Onyx,$57.99,Wrist,Lifestyle,Jawbone,"San Francisco, California, United States",San Francisco,California,United States,Google Results,105
"Jawbone Up Activity Tracker Wristband, Small, Red",$59.99,Wrist,Lifestyle,Jawbone,"San Francisco, California, United States",San Francisco,California,United States,Google Results,104
Jawbone Up Blue Medium Tracking Wrist Band,$59.95,Wrist,Lifestyle,Jawbone,"San Francisco, California, United States",San Francisco,California,United States,Google Results,363
Jawbone UP Wristband - Small - Retail Packaging - Light Grey,$59.99,Wrist,Lifestyle,Jawbone,"San Francisco, California, United States",San Francisco,California,United States,Google Results,62
"Jawbone UP24 Activity Tracker Wristband, Pink Coral, M",$129.99,Wrist,Lifestyle,Jawbone,"San Francisco, California, United States",San Francisco,California,United States,Google Results,111
Jawbone Up24 Onyx Large Tracking Wrist Band,$119.99,Wrist,Fitness,Jawbone,"San Francisco, California, United States",San Francisco,California,United States,Google Results,272
"Jawbone Wristband, persimmon, Medium",$99.99,Wrist,Lifestyle,Jawbone,"San Francisco, California, United States",San Francisco,California,United States,Google Results,122
"Kurgo Tru-Fit Smart Dog Harness with Camera Mount, Medium, Black",,Torso,Pets and Animals,Kurgo,"Salisbury, Massachusetts, United States",Salisbury,Massachusetts,United States,Amazon,168
Lark Pro Sleep Monitor Silent Alarm Clock and Personal Sleep Coach,,Wrist,Lifestyle,Lark,"Mountain View, California, United States",Mountain View,California,United States,Amazon,193
Lark Silent Alarm Clock,,Wrist,Lifestyle,Lark,"Mountain View, California, United States",Mountain View,California,United States,Amazon,190
LassoTag iBeacon - Black: Bluetooth Low Energy (BLE) Tracking Beacon making Valuables Smarter for iOS / iPhone...,,Waist,Lifestyle,LassoTag,"Fort Collins, Colorado, United States",Fort Collins,Colorado,United States,Amazon,132
LassoTag iBeacon - Dark Blue: Bluetooth Low Energy (BLE) Tracking Beacon making Valuables Smarter for iOS / iPhone...,,Waist,Lifestyle,LassoTag,"Castle Pines, Colorado, United States",Castle Pines,Colorado,United States,Amazon,135
LassoTag iBeacon - Green: Bluetooth Low Energy (BLE) Tracking Beacon making Valuables Smarter for iOS / iPhone...,,Waist,Lifestyle,LassoTag,"Castle Pines, Colorado, United States",Castle Pines,Colorado,United States,Amazon,134
LassoTag iBeacon - Light Blue: Bluetooth Low Energy (BLE) Tracking Beacon making Valuables Smarter for iOS / iPhone...,,Waist,Lifestyle,LassoTag,"Castle Pines, Colorado, United States",Castle Pines,Colorado,United States,Amazon,136
LassoTag iBeacon - Pink: Bluetooth Low Energy (BLE) Tracking Beacon making Valuables Smarter for iOS / iPhone...,,Waist,Lifestyle,LassoTag,"Castle Pines, Colorado, United States",Castle Pines,Colorado,United States,Amazon,139
LassoTag iBeacon - White: Bluetooth Low Energy (BLE) Tracking Beacon making Valuables Smarter for iOS / iPhone...,,Waist,Lifestyle,LassoTag,"Castle Pines, Colorado, United States",Castle Pines,Colorado,United States,Amazon,133
LassoTag iBeacon - Yellow: Bluetooth Low Energy (BLE) Tracking Beacon making Valuables Smarter for iOS / iPhone...,,Waist,Lifestyle,LassoTag,"Castle Pines, Colorado, United States",Castle Pines,Colorado,United States,Amazon,144
"LeapFrog LeapBand, Green",,Wrist,Gaming,Leapfrog,"Emeryville, California, United States",Emeryville,California,United States,Amazon,18
"LeapFrog LeapBand, Pink",,Wrist,Gaming,Leapfrog,"Emeryville, California, United States",Emeryville,California,United States,Amazon,13
Levana Astra Digital Baby Video Monitor with LEVANA Powered by Snuza Oma Portable Baby Movement Monitor System...,,Waist,Lifestyle,Levana,"Niagara Falls, Canada",Niagara Falls,,Canada,Amazon,154
"Levana Digital Baby Video Monitor, Stella",,Waist,Lifestyle,Levana,"Niagara Falls, Canada",Niagara Falls,,Canada,Amazon,217
"Levana Oma Clip-On Portable Baby Movement Monitor with Audible Alarm, White/Orange",,Waist,Lifestyle,Levana,"Niagara Falls, Canada",Niagara Falls,,Canada,Amazon,152
"Levana Oma+ Clip-On Portable Baby Movement Monitor with Vibration Alert and Audible Alarm, White/Purple",,Waist,Lifestyle,Levana,"Niagara Falls, Canada",Niagara Falls,,Canada,Amazon,151
LG Electronics G Watch - Retail Packaging - Black,,Wrist,Lifestyle,Lg,"Seoul, South Korea",Seoul,,South Korea,Amazon,115
LG Electronics G Watch - Retail Packaging - White,,Wrist,Lifestyle,Lg,"Seoul, South Korea",Seoul,,South Korea,Amazon,123
"LG G Watch, Black Titan",$149.99,Wrist,Lifestyle,Lg,"Seoul, South Korea",Seoul,,South Korea,Google Results,9
"LG G Watch, White Gold",$149.99,Wrist,Lifestyle,Lg,"Seoul, South Korea",Seoul,,South Korea,Google Results,6
LG LGW100-AUSAKT Watches,$149.99,Wrist,Lifestyle,Lg,"Seoul, South Korea",Seoul,,South Korea,Google Results,133
"LG Lifeband Touch FB84-BL - Large - activity tracker - 0.91"" - Bluetooth - 1.6 oz - black",$126.99,Wrist,Fitness,Lg,"Seoul, South Korea",Seoul,,South Korea,Google Results,11
"LG Lifeband Touch FB84-BM - Medium - activity tracker - 0.91"" - Bluetooth - 1.6 oz - black",$126.99,Wrist,Fitness,Lg,"Seoul, South Korea",Seoul,,South Korea,Google Results,5
LifeTrak C200 Core Fitness Watch - Black/White,$39.99,Wrist,Fitness,Lifetrak,"Fremont, California, United States",Fremont,California,United States,Google Results,72
LifeTrak Core C210 (Midnight Black/Titanium),$59.99,Wrist,Fitness,Lifetrak,"Fremont, California, United States",Fremont,California,United States,Google Results,288
LifeTrak Zone C410 - Activity tracker - two-color (monochrome) - Bluetooth - white,$55.99,Wrist,Fitness,Lifetrak,"Fremont, California, United States",Fremont,California,United States,Google Results,163
Lila Digital Baby Video Monitor with LEVANA Powered by Snuza Oma Portable Baby Movement Monitor System,,Waist,,Levana,"Niagara Falls, Canada",Niagara Falls,,Canada,Amazon,155
LIMTECHSunglasses MP3 Player DVR Mini Camera Camcorder Video Recorder,,Head,Entertainment,Limtech,"San Marcos, California, United States",San Marcos,California,United States,Amazon,95
Liquid Image 720p XSC All Sport Camera/Video Goggles - White,$299.99,Head,Fitness,Liquid Image,"Santa Rosa, California, United States",Santa Rosa,California,United States,Google Results,519
Lively Activity Sensors for Living Independently,,Waist,Lifestyle,Lively,"San Francisco, California, United States",San Francisco,California,United States,Amazon,141
"Logitech 989-000098 Bemo Social Video Camera with High Quality Video, Mobile Edit and Share App (Black)",,Torso,Entertainment,Logitech,"Fremont, California, United States",Fremont,California,United States,Amazon,285
LOK8U Freedom Wandering Prevention and Emergency Alert Watch,,Wrist,Medical,Lok8u,"Burnsville, Minnesota, United States",Burnsville,Minnesota,United States,Amazon,146
Looxcie 3 Streaming and Recording POV Camera - Retail Packaging - Black,,Neck,Entertainment,Looxcie,"Sunnyvale, California, United States",Sunnyvale,California,United States,Amazon,271
Looxcie LX2 Wearable Video Cam for iPhone and Android - Retail Packaging - Black,,Head,Entertainment,Looxcie,"Sunnyvale, California, United States",Sunnyvale,California,United States,Amazon,269
Low tech wearable Hoodie (Pullover),$49.30,Torso,Lifestyle,,Not Found,Not Found,,,Google Results,566
Low tech wearable Unisex T-Shirt,$25.52,Torso,,,Not Found,Not Found,,,Google Results,81
"Magellan Echo Fitness Watch, Gray MENTW0103SGXNA",$93.36,Wrist,Fitness,Magellan,"Taipei, Taiwan",Taipei,,Taiwan,Google Results,162
Magellan Switch Crossover GPS Watch,$149.99,Wrist,Fitness,Magellan,"Taipei, Taiwan",Taipei,,Taiwan,Google Results,245
Marco Polo Pet Monitoring/Tracking and Locating System,,Neck,Pets and Animals,Marco Polo,"Yorba Linda, California, United States",Yorba Linda,California,United States,Amazon,165
Martian Watches G2C (Red Face & Band),$249,Wrist,Lifestyle,Martian,"Irvine, California, United States",Irvine,California,United States,Google Results,577
Martian Watches G2C (Turquoise Face & Band),$249,Wrist,Lifestyle,Martian,"Irvine, California, United States",Irvine,California,United States,Google Results,576
Martian Watches G2C (White Face & Band),$249,Wrist,Lifestyle,Martian,"Irvine, California, United States",Irvine,California,United States,Google Results,578
Martian Watches Notifier Smartwatch - Retail Packaging - Black,,Wrist,Lifestyle,Martian,"Irvine, California, United States",Irvine,California,United States,Amazon,122
Martian Watches Passport & Black Leather Band,$299,Wrist,Lifestyle,Martian,"Irvine, California, United States",Irvine,California,United States,Google Results,564
Martian Watches Passport & Black Silicone Band,$299,Wrist,Lifestyle,Martian,"Irvine, California, United States",Irvine,California,United States,Google Results,572
Martian Watches Passport & White Leather Band,$299,Wrist,Lifestyle,Martian,"Irvine, California, United States",Irvine,California,United States,Google Results,563
"Martian Watches Victory Watch (Black Back Plate, Case, & Band)",$299,Wrist,Lifestyle,Martian,"Irvine, California, United States",Irvine,California,United States,Google Results,39
MeGooDo SJ1000 HD 1080P 12M Sports Helmet Action Waterproof Mini DV Dash Car Camera Cam(Red),,Head,Entertainment,Megoodo,Not Found,Not Found,,,Amazon,294
MeGooDo SJCAM Original SJ4000 WiFi Action Camera 12MP 1080P H.264 1.5 Inch 170??_ Wide Angle Lens Waterproof Diving...,,Head,Entertainment,Sjcam,"Shenzhen, China",Shenzhen,,China,Amazon,279
Men's Casio Hunting Twin-Sensor Watch - multicolor (one size),$58.99,Wrist,Lifestyle,Casio,"Tokyo, Japan",Tokyo,,Japan,Google Results,355
Men's casio sports running gear pedometer watch sgw200-1v,$55.99,Wrist,Lifestyle,Casio,"Tokyo, Japan",Tokyo,,Japan,Google Results,416
Men's ourCaste 'The Saul - Tech' Waterproof Stretch Jacket Mens Light Grey Size Small,$99,Torso,Lifestyle,Ourcaste,"Newport Beach, California, United States",Newport Beach,California,United States,Google Results,227
MetaWatch M1 Core Smartwatch,$349,Wrist,Lifestyle,Meta,"Espoo, Finland",Espoo,,Finland,Google Results,573
Midland XTC100VP2 640 x 480 Standard Definition Extreme Action Camera with 4 types of Mounts Included (Discontinued...,,Head,Entertainment,Midland,"Kansas City, Missouri, United States",Kansas City,Missouri,United States,Amazon,278
"MIDLAND XTC260VP3 Action camera - 720p - Black, silver",$73.31,Head,Entertainment,Midland,"Kansas City, Missouri, United States",Kansas City,Missouri,United States,Google Results,118
Midland XTC260VP3 High Definition 720p Wearable Action Camera with 2 Mounts (Black),,Head,Entertainment,Midland,"Kansas City, Missouri, United States",Kansas City,Missouri,United States,Amazon,295
"MIDLAND XTC280VP Action camera - 1080p - Black, silver",$125.99,Head,Entertainment,Midland,"Kansas City, Missouri, United States",Kansas City,Missouri,United States,Google Results,497
"Midland XTC280VP1080p HD Wearable Action Camera with Image Stabilization, Submersible Case and Universal Mount...",,Head,Entertainment,Midland,"Kansas City, Missouri, United States",Kansas City,Missouri,United States,Amazon,293
MIDLAND XTC285VP Action camera - 1080p - Mossy oak camouflage,$121.99,Head,Entertainment,Midland,"Kansas City, Missouri, United States",Kansas City,Missouri,United States,Google Results,63
MIDLAND XTC300VP4 Action camera - 1080p,$150.19,Head,Entertainment,Midland,"Kansas City, Missouri, United States",Kansas City,Missouri,United States,Google Results,45
MIDLAND XTC400 Action camera - 1080p,$185.99,Head,Entertainment,Midland,"Kansas City, Missouri, United States",Kansas City,Missouri,United States,Google Results,161
"Mimo Smart Baby Monitor Refill Kit, Natural, 0-3 Months",,Torso,Medical,Mimo,"Boston, Massachusetts, United States",Boston,Massachusetts,United States,Amazon,161
"Mimo Smart Baby Monitor Refill Kit, Natural, 3-6 Months",,Torso,Lifestyle,Mimo,"Boston, Massachusetts, United States",Boston,Massachusetts,United States,Amazon,158
"Mimo Smart Baby Monitor Refill Kit, Natural, 6-12 Months",,Torso,Lifestyle,Mimo,"Boston, Massachusetts, United States",Boston,Massachusetts,United States,Amazon,159
"Mimo Smart Baby Monitor Starter Kit, Natural, 0-3 Months",,Torso,Medical,Mimo,"Boston, Massachusetts, United States",Boston,Massachusetts,United States,Amazon,153
"Mimo Smart Baby Monitor Starter Kit, Natural, 3-6 Months",,Torso,Medical,Mimo,"Boston, Massachusetts, United States",Boston,Massachusetts,United States,Amazon,156
"Mimo Smart Baby Monitor Starter Kit, Natural, 6-12 Months",,Torso,Medical,Mimo,"Boston, Massachusetts, United States",Boston,Massachusetts,United States,Amazon,160
Mio 53PBLU - Alpha Heart Rate Sport Watch - Indigo,$199.99,Wrist,Fitness,Mio,"Vancouver, Canada",Vancouver,,Canada,Google Results,83
"Mio Alpha Heart Rate Monitor, Black",$199.99,Wrist,Medical,Mio,"Vancouver, Canada",Vancouver,,Canada,Google Results,102
MIO Alpha I Strapless Continuous Heart Rate Monitor,,Wrist,Fitness,Mio,"Vancouver, Canada",Vancouver,,Canada,Amazon,68
Misfit - Flash Activity Tracker - Frost,$49.99,Wrist,Fitness,Misfit,"Burlingame, California, United States",Burlingame,California,United States,Google Results,109
Misfit Shine Activity Monitor - Wine,$99.99,Wrist,Fitness,Misfit,"Burlingame, California, United States",Burlingame,California,United States,Google Results,97
Misfit Shine Activity Tracker in Silver,$99.99,Wrist,Lifestyle,Misfit,"Burlingame, California, United States",Burlingame,California,United States,Google Results,15
Misfit Wearables - Band - Tan,$35.99,Wrist,Lifestyle,Misfit,"Burlingame, California, United States",Burlingame,California,United States,Google Results,14
Misfit Wearables Bloom Necklace for Shine,$79.99,Neck,Lifestyle,Misfit,"Burlingame, California, United States",Burlingame,California,United States,Google Results,540
"Misfit Wearables Fitness Assessment Leather Band, Black",$37.99,Wrist,Fitness,Misfit,"Burlingame, California, United States",Burlingame,California,United States,Google Results,10
Misfit Wearables Shine Activity and Sleep Monitor Champagne SH0HZ,$89.88,Wrist,Lifestyle,Misfit,"Burlingame, California, United States",Burlingame,California,United States,Google Results,345
Misfit Wearables Sport Necklace for Shine,$49.99,Neck,Fitness,Misfit,"Burlingame, California, United States",Burlingame,California,United States,Google Results,569
Monoprice 110161 MHD Action Camera Helmet Mount,$13.39,Head,Entertainment,Monoprice,"Rancho Cucamonga, California, United States",Rancho Cucamonga,California,United States,Google Results,93
Monoprice 110630 Chest Mount for MHD Sport Wi-Fi Action Camera,$10.28,Head,Entertainment,Monoprice,"Rancho Cucamonga, California, United States",Rancho Cucamonga,California,United States,Google Results,113
Monoprice MHD Sport WiFi Action Camera ...,$226.99,Head,Entertainment,Monoprice,"Rancho Cucamonga, California, United States",Rancho Cucamonga,California,United States,Google Results,43
Mota G2 Pro Bluetooth Smartwatch for iPhone and Android - Silver,$79.95,Wrist,Entertainment,Mota,"San Jose, California, United States",San Jose,California,United States,Google Results,125
MOTA Mota MT-SWG2BL Wrist Watch - Smartwatch G2 Digital Quartz,$79.99,Wrist,Lifestyle,Mota,"San Jose, California, United States",San Jose,California,United States,Google Results,478
Mota MT-SWG2BL Black Rechargeable Bluetooth Smartwatch G2 (Large Wrist model),$59.43,Wrist,Lifestyle,Mota,"San Jose, California, United States",San Jose,California,United States,Google Results,342
"Moto 360, Light Stainless Steel",$299.99,Wrist,Lifestyle,Motorola,"Chicago, Illinois, United States",Chicago,Illinois,United States,Google Results,2
Motorola Moto 360 - Black Leather Smart Watch,,Wrist,Lifestyle,Motorola,"Chicago, Illinois, United States",Chicago,Illinois,United States,Amazon,107
Motorola Moto 360 - Stone Leather Smart Watch,,Wrist,Lifestyle,Motorola,"Chicago, Illinois, United States",Chicago,Illinois,United States,Amazon,111
Motorola Moto 360 Wireless Charging Dock,$39.99,Wrist,Lifestyle,Motorola,"Chicago, Illinois, United States",Chicago,Illinois,United States,Google Results,175
Narrative Clip Wearable Camera (Gray),,Neck,Entertainment,Narrative,"San Francisco, California, United States",San Francisco,California,United States,Amazon,86
Narrative Clip Wearable Camera (White),,Waist,Entertainment,Narrative,"San Francisco, California, United States",San Francisco,California,United States,Amazon,90
NEW HOT New Smallest Mini Camera Camcorder Video Dv Dvr Hidden Web Cam,,Head,Entertainment,Toto,Not Found,Not Found,,,Amazon,265
New Suunto Watch XLANDER X Lander Black Negative Military Computer SS012197310,$255,Wrist,Lifestyle,Suunto,"Vantaa, Finland",Vantaa,,Finland,Google Results,107
"Nike+ FuelBand SE - Medium/Large - activity tracker - Bluetooth - 1.1 oz - black, pink foil",$99,Wrist,Fitness,Nike,"Beaverton, Oregon, United States",Beaverton,Oregon,United States,Google Results,203
Omron HJ-321 Tri-Axis Pedometer with Calories Burned,$14.49,Waist,Medical,Omron,"Kyoto, Japan",Kyoto,,Japan,Google Results,403
Omron HJ-323U Five Function USB Pedometer-Retail Packaged,$26.59,Waist,Fitness,Omron,"Kyoto, Japan",Kyoto,,Japan,Google Results,357
Omron HJ329 Alvita Ultimate Digital Fitness Pedometer,$25,Waist,Fitness,Omron,"Kyoto, Japan",Kyoto,,Japan,Google Results,282
Omron Pocket Pedometer with Health Management Software,$33.90,Waist,Fitness,Omron,"Kyoto, Japan",Kyoto,,Japan,Google Results,539
Omron Strapless Heart Rate Monitor,$27.51,Wrist,Fitness,Omron,"Kyoto, Japan",Kyoto,,Japan,Google Results,528
Omron Tri Axis Pedometer,$9.49,Waist,Fitness,Omron,"Kyoto, Japan",Kyoto,,Japan,Google Results,480
Omron-Heart Monitor W Tap Lens OMRHR310,$59.99,Wrist,Fitness,Omron,"Kyoto, Japan",Kyoto,,Japan,Google Results,126
"Onanoff Magnum HD Noise-Isolating Earbuds with In-Line Mic, Gunmetal with Wearable Magneat",$39.95,Head,Entertainment,Onanoff,"Miami, Florida, United States",Miami,Florida,United States,Google Results,292
Optinvent ORA-1 Connected Smart Glasses Developer Kit,,Head,Entertainment,Optinvent,"Rennes, France",RENNES,,France,Amazon,101
Panasonic HX-A100 HD Wearable Action Camera Digital Camcorder (Black),,Head,Entertainment,Panasonic,"Kadoma, Japan",Kadoma,,Japan,Amazon,301
Panasonic HX-A100 HD Wearable Action Camera Digital Camcorder (Orange),,Head,Entertainment,Panasonic,"Kadoma, Japan",Kadoma,,Japan,Amazon,270
Panasonic HX-A500 4K Point-of-View Wearable Action Camera Camcorder with 3-Inch LCD (Gray),,Head,Entertainment,Panasonic,"Kadoma, Japan",Kadoma,,Japan,Amazon,299
Papago GoLife Care Smart Fit Band (Silver/White),$99.99,Wrist,Fitness,Papago,"Taipei, Taiwan",Taipei,,Taiwan,Google Results,22
Papago! GoWatch 770 GPS Multi-Sports Watch - Yellow Belt,$119.99,Wrist,Fitness,Papago,"Taipei, Taiwan",Taipei,,Taiwan,Google Results,291
PEAR Pro Training Intelligence System,,Waist,Fitness,Pear,"Irvine, California, United States",Irvine,California,United States,Amazon,204
Pebble - Steel Smart Watch for Select IOS and Android Devices - Black,$199.99,Wrist,Lifestyle,Pebble,"Palo Alto, California, United States",Palo Alto,California,United States,Google Results,249
Pebble - Steel Smart Watch for Select IOS and Android Devices - Silver,$199.99,Wrist,Lifestyle,Pebble,"Palo Alto, California, United States",Palo Alto,California,United States,Google Results,183
Pebble Smart Watch for iPhone and Android Devices (Black),$99.99,Wrist,Lifestyle,Pebble,"Palo Alto, California, United States",Palo Alto,California,United States,Google Results,137
Pebble Smart Watch for iPhone and Android Devices (Red),,Wrist,Lifestyle,Pebble,"Palo Alto, California, United States",Palo Alto,California,United States,Amazon,112
Pebble Smart Watch for iPhone and Android Devices (White),,Wrist,Lifestyle,Pebble,"Palo Alto, California, United States",Palo Alto,California,United States,Amazon,110
Pebble Smartwatch for iPhone and Android (Black),,Wrist,Lifestyle,Pebble,"Palo Alto, California, United States",Palo Alto,California,United States,Amazon,103
Pebble Smartwatch with Automatic Lap Counter,$99.99,Wrist,Lifestyle,Pebble,"Palo Alto, California, United States",Palo Alto,California,United States,Google Results,384
Pebble Steel Smart Watch For Iphone And Android Devices (black,$199.99,Wrist,Lifestyle,Pebble,"Palo Alto, California, United States",Palo Alto,California,United States,Google Results,287
Pebble Steel Smart Watch for iPhone and Android Devices (Black Matte),,Wrist,Lifestyle,Pebble,"Palo Alto, California, United States",Palo Alto,California,United States,Amazon,106
Pebble Steel Smart Watch for iPhone and Android Devices (Brushed Stainless),,Wrist,Lifestyle,Pebble,"Palo Alto, California, United States",Palo Alto,California,United States,Amazon,105
"Pivothead 1080 HD 8MP Video Recording Camera Polarized Hand-Free Sunglasses, Aurora Purple Haze",,Head,Entertainment,Pivothead,"Centennial, Colorado, United States",Centennial,Colorado,United States,Amazon,99
PocketFinder Outdoor Personal GPS Locator,,Torso,Lifestyle,Pocketfinder,"Irvine, California, United States",Irvine,California,United States,Amazon,129
Polar - Loop Activity Tracker - Purple,$77.95,Wrist,Fitness,Polar,"Lake Success, New York, United States",Lake Success,New York,United States,Google Results,371
Polar - Stride Sensor Bluetooth Smart - Stride sensor - for Polar V800,$54.95,Wrist,Fitness,Polar,"Lake Success, New York, United States",Lake Success,New York,United States,Google Results,420
Polar 2013 H2 Heart Rate Sensor,,Chest,Medical,Polar,"Lake Success, New York, United States",Lake Success,New York,United States,Amazon,196
Polar 2014 FT60 Heart Rate Monitor Watch (White) ...,$159.99,Wrist,Fitness,Polar,"Lake Success, New York, United States",Lake Success,New York,United States,Google Results,428
Polar 90044686 RC3 GPS Sports Watch - without Heart Rate,$167.99,Wrist,Fitness,Polar,"Lake Success, New York, United States",Lake Success,New York,United States,Google Results,489
Polar 92052231 - H7 Heart Rate Sensor M-XXL - Pink,$55.69,Chest,Fitness,Polar,"Lake Success, New York, United States",Lake Success,New York,United States,Google Results,516
Polar CS600X Computer Black/Silver 90034225,$378,Wrist,Fitness,Polar,"Lake Success, New York, United States",Lake Success,New York,United States,Google Results,408
"Polar Electro, Inc Polar RC3 GPS with heart rate - GPS watch - cycle, running (90048177)",$349.99,Wrist,Fitness,Polar,"Lake Success, New York, United States",Lake Success,New York,United States,Google Results,343
"Polar Electro, Inc Polar RCX3 Sports Watch with Heart Rate Monitor White (90042218)",$127.95,Wrist,Fitness,Polar,"Lake Success, New York, United States",Lake Success,New York,United States,Google Results,518
Polar FT1 Heart Rate Monitor,$41.29,Wrist,Fitness,Polar,"Lake Success, New York, United States",Lake Success,New York,United States,Google Results,445
"Polar FT2 Heart Rate Monitor Blue, One Size",$46.37,Wrist,Fitness,Polar,"Lake Success, New York, United States",Lake Success,New York,United States,Google Results,536
Polar FT4 Heart Rate Monitor,,Wrist,Fitness,Polar,"Lake Success, New York, United States",Lake Success,New York,United States,Amazon,46
"Polar FT4 Heart Rate Monitor Watch, Green",$57.44,Wrist,Fitness,Polar,"Lake Success, New York, United States",Lake Success,New York,United States,Google Results,452
"Polar FT4 Heart Rate Monitorm, Men's, Silver/Black",$59.99,Wrist,Fitness,Polar,"Lake Success, New York, United States",Lake Success,New York,United States,Google Results,435
Polar FT60 - Activity tracker - monochrome - white - with heart rate sensor,$159.99,Wrist,Fitness,Polar,"Lake Success, New York, United States",Lake Success,New York,United States,Google Results,34
Polar FT60 Heart Rate Monitor Watch Set (Black) 90040869,$143.96,Wrist,Fitness,Polar,"Lake Success, New York, United States",Lake Success,New York,United States,Google Results,441
"Polar FT60 Men's Heart Rate Monitor Watch, Black",$159.99,Wrist,Fitness,Polar,"Lake Success, New York, United States",Lake Success,New York,United States,Google Results,119
Polar FT60F Exercise Watch / Heart Rate Monitor- Black,$99.99,Wrist,Fitness,Polar,"Lake Success, New York, United States",Lake Success,New York,United States,Google Results,460
Polar FT7 - 91966-f7 - Health Care Biometric Heart Rate Monitors,$70.99,Chest,Medical,Polar,"Lake Success, New York, United States",Lake Success,New York,United States,Google Results,394
Polar FT7 - Activity tracker - monochrome - black/red - with heart rate sensor,$68,Wrist,Medical,Polar,"Lake Success, New York, United States",Lake Success,New York,United States,Google Results,339
Polar FT7 Heart Rate Monitor,,Wrist,Fitness,Polar,"Lake Success, New York, United States",Lake Success,New York,United States,Amazon,47
Polar FT7 Heart Rate Monitor Red/Orange: Polar Heart Rate Monitors,$68,Wrist,Fitness,Polar,"Lake Success, New York, United States",Lake Success,New York,United States,Google Results,434
"Polar FT7 Heart Rate Monitor, Blue/Lilac",$68,Wrist,Fitness,Polar,"Lake Success, New York, United States",Lake Success,New York,United States,Google Results,413
Polar G1 GPS Speed and Distance Sensor for FT60 / FT80,$99.43,Arms,Fitness,Polar,"Lake Success, New York, United States",Lake Success,New York,United States,Google Results,400
Polar H1 Heart Rate Sensor,,Chest,Fitness,Polar,"Lake Success, New York, United States",Lake Success,New York,United States,Amazon,191
"Polar H1 Heart Rate Transmitter and Strap Set, XXL",$44.95,Chest,Fitness,Polar,"Lake Success, New York, United States",Lake Success,New York,United States,Google Results,503
Polar H1/H2 Heart Rate Transmitter Soft Strap: XS/SM,$16.95,Chest,Medical,Polar,"Lake Success, New York, United States",Lake Success,New York,United States,Google Results,373
Polar H6 - Heart rate sensor for Apple iPad (3rd generation); iPad mini; and more,$44.98,Wrist,Fitness,Polar,"Lake Success, New York, United States",Lake Success,New York,United States,Google Results,520
"Polar H7 - Heart rate sensor for Apple iPhone 4S, 5",$51.98,Chest,Fitness,Polar,"Lake Success, New York, United States",Lake Success,New York,United States,Google Results,491
Polar H7 Bluetooth Smart Heart Rate Sensor,,Chest,Fitness,Polar,"Lake Success, New York, United States",Lake Success,New York,United States,Amazon,52
"Polar Heart Rate Monitors, Women's Fit, Pink/Purple",$59.99,Wrist,Fitness,Polar,"Lake Success, New York, United States",Lake Success,New York,United States,Google Results,449
Polar Loop Activity Tracker Fitness Band Black Bundle 90053552,$159.95,Wrist,Fitness,Polar,"Lake Success, New York, United States",Lake Success,New York,United States,Google Results,557
Polar RC3 GPS Bike Heart Rate Monitor 90048179,$259.77,Wrist,Fitness,Polar,"Lake Success, New York, United States",Lake Success,New York,United States,Google Results,35
Polar RC3 GPS Fitness Watch with Heart Rate Monitor (Blue),$179.95,Wrist,Fitness,Polar,"Lake Success, New York, United States",Lake Success,New York,United States,Google Results,114
Polar RC3 GPS Sports Heart Rate Monitor - Bike,$349.95,Wrist,Fitness,Polar,"Lake Success, New York, United States",Lake Success,New York,United States,Google Results,64
"Polar RCX3 Run Package Heart Rate Monitor Black, Men's",$119.95,Wrist,Fitness,Polar,"Lake Success, New York, United States",Lake Success,New York,United States,Google Results,53
"Polar RCX5 Base Training System, Black",$329.99,Wrist,Fitness,Polar,"Lake Success, New York, United States",Lake Success,New York,United States,Google Results,116
"Polar RCX5 Bike Training Sports Watch, Red",$369.95,Wrist,Fitness,Polar,"Lake Success, New York, United States",Lake Success,New York,United States,Google Results,487
Polar RCX5 Red Watch,$329.95,Wrist,Fitness,Polar,"Lake Success, New York, United States",Lake Success,New York,United States,Google Results,510
"Polar RCX5 Run Heart-Monitor Training Watch, Black (031176482)",$249.97,Wrist,Fitness,Polar,"Lake Success, New York, United States",Lake Success,New York,United States,Google Results,492
"Polar RS300X Heart Rate Monitor Watch, Black",$85.97,Wrist,Fitness,Polar,"Lake Success, New York, United States",Lake Success,New York,United States,Google Results,522
Polar RS400-sd Exercise Watch / Heart Rate Monitor,$279.95,Wrist,Fitness,Polar,"Lake Success, New York, United States",Lake Success,New York,United States,Google Results,496
Polar RS800CX B Heart Rate Monitor Watch 90038980,$449.95,Wrist,Fitness,Polar,"Lake Success, New York, United States",Lake Success,New York,United States,Google Results,535
Polar RS800CX GPS Heart Rate Monitor,$499.95,Wrist,Medical,Polar,"Lake Success, New York, United States",Lake Success,New York,United States,Google Results,531
Polar RS800CX Heart Rate Monitor Watch 90038974,$419.95,Wrist,Fitness,Polar,"Lake Success, New York, United States",Lake Success,New York,United States,Google Results,534
Polar S-1 Foot Pod 91027204,$89.99,Feet,Fitness,Polar,"Lake Success, New York, United States",Lake Success,New York,United States,Google Results,451
Polar V800 GPS Sports Watch with Heart Rate Black,$449.95,Wrist,Fitness,Polar,"Lake Success, New York, United States",Lake Success,New York,United States,Google Results,429
Polar Wear Link Bluetooth Transmitter Set (Medium/XX-Large),$79.95,Chest,Fitness,Polar,"Lake Success, New York, United States",Lake Success,New York,United States,Google Results,558
Polar Wearlink Transmitter Nike + Heart Rate Sensor,$45.45,Chest,Fitness,Polar,"Lake Success, New York, United States",Lake Success,New York,United States,Google Results,509
Polaroid POLC3 Cube HD Digital Video Action Camera Camcorder (Black),,Head,Entertainment,Polaroid,"Minnetonka, Minnesota, United States",Minnetonka,Minnesota,United States,Amazon,267
Polaroid XS100 Extreme Edition HD 1080p 16MP Waterproof Sports Action Video Camera With Full Mounting Kit Included...,,Head,Entertainment,Polaroid,"Minnetonka, Minnesota, United States",Minnetonka,Minnesota,United States,Amazon,274
Polaroid XS100i Wi-Fi Extreme Edition HD 1080p 16MP Waterproof Sports Action Video Camera With Full Mounting Kit...,,Head,Entertainment,Polaroid,"Minnetonka, Minnesota, United States",Minnetonka,Minnesota,United States,Amazon,302
Police Security Cam ReplayXD Mini 1080p Camera + Wearable Hands Free Headset,,Head,Entertainment,Replayxd,"Newbury Park, California, United States",Newbury Park,California,United States,Amazon,282
POV Action Video Cameras - PRO24 - POV Action Video PRO24 POV SD Action Camera Eyewear (Black),$111.95,Head,Entertainment,Pov,"Minneapolis, Minnesota, United States",Minneapolis,Minnesota,United States,Google Results,407
POV MAC10 Mini Waterproof Action Video Camera (Black),,Head,Entertainment,Pov,"Minneapolis, Minnesota, United States",Minneapolis,Minnesota,United States,Amazon,296
PROTAG Duet Bluetooth Tracker - Retail Packaging - Green,,Waist,Lifestyle,Protag,"Singapore, Singapore",Singapore,,Singapore,Amazon,142
Pyle Bluetooth Wireless Blood Pressure Monitor with Arm Cuff,,Arms,Medical,Pyle,"Brooklyn, New York, United States",Brooklyn,New York,United States,Amazon,202
Pyle PHBPB20 Bluetooth Smart Blood Pressure Monitor,,Arms,Medical,Pyle,"Brooklyn, New York, United States",Brooklyn,New York,United States,Amazon,250
Pyle PHRM34 Heart Rate Monitor Watch with Calorie Counter,$22.25,Chest,Fitness,Pyle,"Brooklyn, New York, United States",Brooklyn,New York,United States,Google Results,444
"Pyle PHRM38 Heart Rate Monitor Watch with minimum, Average Heart Rate, Calorie Counter and Target Zones, Black",$21.22,Wrist,Medical,Pyle,"Brooklyn, New York, United States",Brooklyn,New York,United States,Google Results,501
"Pyle PHRM38SL Heart Rate Monitor Watch, Silver",$24.99,Wrist,Medical,Pyle,"Brooklyn, New York, United States",Brooklyn,New York,United States,Google Results,328
Pyle PPDE60 Pedometer with Personalized Calibration for Walking & Runn,$21.32,Waist,Fitness,Pyle,"Brooklyn, New York, United States",Brooklyn,New York,United States,Google Results,526
Pyle PPDM1 Digital Heart Rate Monitor,$39,Wrist,Fitness,Pyle,"Brooklyn, New York, United States",Brooklyn,New York,United States,Google Results,549
Pyle PSBTFS40 Bluetooth Wireless Footpod Fitness & Training Sensor,$52.99,Feet,Fitness,Pyle,"Brooklyn, New York, United States",Brooklyn,New York,United States,Google Results,453
Pyle PSBTHR60 Bluetooth Wireless Sport Training Heart Rate Monitor,$74.99,Chest,Fitness,Pyle,"Brooklyn, New York, United States",Brooklyn,New York,United States,Google Results,469
"Pyle PSBTHR70 Bluetooth Fitness Heart Rate Monitoring Watch with Wireless Data Transmission & Sensor, Blue",$67.88,Wrist,Fitness,Pyle,"Brooklyn, New York, United States",Brooklyn,New York,United States,Google Results,367
Pyle PSLPWMP5 Waterproof Pedometer & Lap/Calorie Counter with MP3 Play,$45.24,Head,Fitness,Pyle,"Brooklyn, New York, United States",Brooklyn,New York,United States,Google Results,419
Pyle Pswmr40gy Sports Mens Marathon Runner Watch W/ Target Time,$30,Wrist,Fitness,Pyle,"Brooklyn, New York, United States",Brooklyn,New York,United States,Google Results,432
"Pyle PSWWM82 Digital Multifunction Sports Watch, Pink PYLPSWWM82PN",$43,Wrist,Lifestyle,Pyle,"Brooklyn, New York, United States",Brooklyn,New York,United States,Google Results,276
"Pyle PSWWM82 Digital Multifunction Sports Watch, Yellow PYLPSWWM82YL",$43,Wrist,Lifestyle,Pyle,"Brooklyn, New York, United States",Brooklyn,New York,United States,Google Results,366
QardioArm Wireless Blood Pressure Monitor (Apple iOS and Android),,Arms,Medical,Qardio,"San Francisco, California, United States",San Francisco,California,United States,Amazon,188
RioRand 5.0 Mega pixels HD 1280x720 Spy Camera Sunglasses with MP3 Player 8GB,,Head,Entertainment,Riorand,"Hong Kong, China",Hong Kong,,China,Amazon,313
Rooti CliMate Environment Tracker (Bright White),,Waist,Lifestyle,Rooti,"Taipei, Taiwan",Taipei,,Taiwan,Amazon,203
Rooti CliMate Environment Tracker (Dawn Yellow),,Waist,Lifestyle,Rooti,"Taipei, Taiwan",Taipei,,Taiwan,Amazon,201
Runtastic - Arm band kit - for Runtastic Orbit,$20.09,Arms,Fitness,Runtastic,"Pasching, Austria",Pasching,,Austria,Google Results,234
Runtastic - Heart Rate Combo Monitor RUNBT1,$69.99,Chest,Fitness,Runtastic,"Pasching, Austria",Pasching,,Austria,Google Results,265
Runtastic - Receiver and Heart Rate Monitor - Heart rate sensor,$59.99,Chest,Fitness,Runtastic,"Pasching, Austria",Pasching,,Austria,Google Results,346
Runtastic Orbit - Activity tracker - monochrome - Bluetooth,$99,Wrist,Lifestyle,Runtastic,"Pasching, Austria",Pasching,,Austria,Google Results,127
Runtastic Orbit Activity Tracker,$119.99,Wrist,Lifestyle,Runtastic,"Pasching, Austria",Pasching,,Austria,Google Results,84
Samsung - Gear Live Smart Watch for Select Android Devices - Black,$199.99,Wrist,Lifestyle,Samsung,"Seoul, South Korea",Seoul,,South Korea,Google Results,3
"Samsung Galaxy Gear 2 - Smart watch - 1.63"" - 4 GB - Bluetooth - 2 Megapixel camera - 2.4 oz - charcoal black",$285,Wrist,Lifestyle,Samsung,"Seoul, South Korea",Seoul,,South Korea,Google Results,112
"Samsung Galaxy Gear 2 Neo - Smart watch - 1.63"" - 4 GB - Bluetooth - 1.9 oz - Charcoal Black",$169,Wrist,Lifestyle,Samsung,"Seoul, South Korea",Seoul,,South Korea,Google Results,13
Samsung Galaxy Gear 2 Neo SM-R381 4GB Mocha Grey Smart Watch,$199.99,Wrist,Lifestyle,Samsung,"Seoul, South Korea",Seoul,,South Korea,Google Results,132
"Samsung Galaxy Gear 2 Neo Smartwatch, Wild Orange",$199.99,Wrist,Lifestyle,Samsung,"Seoul, South Korea",Seoul,,South Korea,Google Results,7
"Samsung Galaxy Gear Fit - Activity tracker - 1.84"" - Bluetooth - 1 oz - charcoal black",$99.99,Wrist,Lifestyle,Samsung,"Seoul, South Korea",Seoul,,South Korea,Google Results,46
Samsung Galaxy Gear Rose Gold - SM-V700 - Digital - Quartz ...,$129.95,Wrist,Lifestyle,Samsung,"Seoul, South Korea",Seoul,,South Korea,Google Results,427
Samsung Galaxy Gear Smartwatch - Retail Packaging - Rose Gold,,Wrist,Lifestyle,Samsung,"Seoul, South Korea",Seoul,,South Korea,Amazon,117
Samsung Galaxy Gear Smartwatch (Jet Black),$119.99,Wrist,Lifestyle,Samsung,"Seoul, South Korea",Seoul,,South Korea,Google Results,574
Samsung Galaxy Gear Smartwatch (Oatmeal Beige),$119.99,Wrist,Lifestyle,Samsung,"Seoul, South Korea",Seoul,,South Korea,Google Results,571
Samsung Galaxy Gear Smartwatch- Retail Packaging - Jet Black,,Wrist,Lifestyle,Samsung,"Seoul, South Korea",Seoul,,South Korea,Amazon,109
Samsung Galaxy Gear Smartwatch- Retail Packaging - Lime Green,$124.95,Wrist,Lifestyle,Samsung,"Seoul, South Korea",Seoul,,South Korea,Google Results,442
Samsung Gear 2 Neo Smartwatch - Black (US Warranty),,Wrist,Lifestyle,Samsung,"Seoul, South Korea",Seoul,,South Korea,Amazon,104
Samsung Gear 2 Neo Smartwatch - Gray (US Warranty),,Wrist,Lifestyle,Samsung,"Seoul, South Korea",Seoul,,South Korea,Amazon,113
Samsung Gear 2 Neo Smartwatch - Orange (US Warranty),,Wrist,Lifestyle,Samsung,"Seoul, South Korea",Seoul,,South Korea,Amazon,125
Samsung Gear 2 Smartwatch - Brown Gold (US Warranty),,Wrist,Lifestyle,Samsung,"Seoul, South Korea",Seoul,,South Korea,Amazon,119
Samsung Gear 2 Smartwatch - Metallic Orange (US Warranty),,Wrist,Lifestyle,Samsung,"Seoul, South Korea",Seoul,,South Korea,Amazon,124
Samsung Gear 2 Smartwatch - Silver/Black (US Warranty),,Wrist,Lifestyle,Samsung,"Seoul, South Korea",Seoul,,South Korea,Amazon,108
Samsung Gear 2 Smartwatch - SilverBlack - Titan Silver,$299.99,Wrist,Lifestyle,Samsung,"Seoul, South Korea",Seoul,,South Korea,Google Results,333
Samsung Gear Fit Fitness Tracker and Smartwatch for Samsung Devices (US Warranty) - Black,,Wrist,Fitness,Samsung,"Seoul, South Korea",Seoul,,South Korea,Amazon,8
"Samsung Gear Live - Smart watch - 1.63"" - 4 GB - Bluetooth - 2.1 oz - black",$199.99,Wrist,Lifestyle,Samsung,"Seoul, South Korea",Seoul,,South Korea,Google Results,154
Samsung Gear Live Smartwatch for Android Devices - Retail Packaging - Black,,Wrist,Lifestyle,Samsung,"Seoul, South Korea",Seoul,,South Korea,Amazon,116
Samsung Gear S in White,$349.99,Wrist,Lifestyle,Samsung,"Seoul, South Korea",Seoul,,South Korea,Google Results,4
"Samsung Gear S Smartwatch, Black 4GB (AT&T)",,Wrist,Lifestyle,Samsung,"Seoul, South Korea",Seoul,,South Korea,Amazon,118
Samsung Gear(tm) Fit Band in Red,$49.99,Wrist,Lifestyle,Samsung,"Seoul, South Korea",Seoul,,South Korea,Google Results,90
Samsung Gear2 Neo Smart Watch Mocha GREY Smartwatch,$199.99,Wrist,Lifestyle,Samsung,"Seoul, South Korea",Seoul,,South Korea,Google Results,24
Samsung S3 becomes wearable camera: iMountZ 2 with 170??_fish eye lenz,,Head,Entertainment,Samsung,"Seoul, South Korea",Seoul,,South Korea,Amazon,275
Samsung Sm-r3800gnaxar Gear 2 Smartwatch - Brown,$299.99,Wrist,Lifestyle,Samsung,"Seoul, South Korea",Seoul,,South Korea,Google Results,134
Samsung Sm-r3800moaxar Gear 2 Smartwatch - Metallic,$299.99,Wrist,Lifestyle,Samsung,"Seoul, South Korea",Seoul,,South Korea,Google Results,378
Scosche BLECS Bluetooth Smart Heart Rate Chest Strap,$19.99,Chest,Fitness,Scosche,"Oxnard, California, United States",Oxnard,California,United States,Google Results,439
Shippingsmart bracelet bluetooth wearable tracking device waterproof p,$125,Wrist,Lifestyle,Micgrand,"Guangdong, China",Guangdong,,China,Google Results,372
Skechers Go Run SK11 Go Run 2.4 GHz (Black/Silver),$48.99,Wrist,Fitness,Skechers,"Manhattan Beach, California, United States",Manhattan Beach,California,United States,Google Results,486
Skechers Go Walk SK2 Classic Strapless Heart Rate Monitor with Calorie Counter L,$29.99,Wrist,Fitness,Skechers,"Manhattan Beach, California, United States",Manhattan Beach,California,United States,Google Results,464
Skechers GOwalk Heart Rate Monitor Fitwatch - Blue,$69.99,Wrist,Fitness,Skechers,"Manhattan Beach, California, United States",Manhattan Beach,California,United States,Google Results,392
"Skechers SK10 Go Walk Heart Rate Monitor Pulsebandz, Black/Silver",$21.58,Wrist,Fitness,Skechers,"Manhattan Beach, California, United States",Manhattan Beach,California,United States,Google Results,525
"Skechers SK23 Go Walk Activity Tracker/Sleep Monitor, Cranberry",$60.19,Wrist,Fitness,Skechers,"Manhattan Beach, California, United States",Manhattan Beach,California,United States,Google Results,262
"Smart Health Walking Fit Small Heart Rate Watch, Black",$19.99,Wrist,Fitness,Smarthealth,"Fremont, California, United States",Fremont,California,United States,Google Results,479
Smartwatch G2 MTSWG2BS,$79.99,Wrist,Lifestyle,Mota,"San Jose, California, United States",San Jose,California,United States,Google Results,404
Smartwatch G2 MTSWG2WL,$79.99,Wrist,Lifestyle,Mota,"San Jose, California, United States",San Jose,California,United States,Google Results,438
Sony AS30V High Definition POV Action Video Camera HDR-AS30V,,Head,Entertainment,Sony,"Tokyo, Japan",Tokyo,,Japan,Amazon,78
"Sony Classic Band Set for SWR10 SmartBand (Black/Blue/Orange, Small)",$28.99,Wrist,Lifestyle,Sony,"Tokyo, Japan",Tokyo,,Japan,Google Results,546
"Sony Fashion Band Set for SWR10 SmartBand (White/Green/Pink, Small)",$29.99,Wrist,Lifestyle,Sony,"Tokyo, Japan",Tokyo,,Japan,Google Results,579
Sony HDR-AS100VR POV Action Video Camera with Live View Remote (White),,Wrist,Entertainment,Sony,"Tokyo, Japan",Tokyo,,Japan,Amazon,79
Sony HDR-AS15 Action Video Camera (Black),,Head,Entertainment,Sony,"Tokyo, Japan",Tokyo,,Japan,Amazon,88
"Sony HDR-AS30V Digital Hd Action Video Camera, Black",$179.99,Head,Entertainment,Sony,"Tokyo, Japan",Tokyo,,Japan,Google Results,457
Sony HDRAS100V/W Video Camera (White),,Head,Entertainment,Sony,"Tokyo, Japan",Tokyo,,Japan,Amazon,75
Sony MN2SW Smartwatch MN2,$148,Wrist,Lifestyle,Sony,"Tokyo, Japan",Tokyo,,Japan,Google Results,61
Sony Mobile Sw2 Smartwatch 2 Black Metal Retail Box 1274-8109 12748109,$199.99,Head,Lifestyle,Sony,"Tokyo, Japan",Tokyo,,Japan,Google Results,397
Sony Smart Watch SW2 for Android Phones,,Wrist,Lifestyle,Sony,"Tokyo, Japan",Tokyo,,Japan,Amazon,114
Sony SmartWatch US version 1 Android Bluetooth USB Retail Box,,Wrist,Lifestyle,Sony,"Tokyo, Japan",Tokyo,,Japan,Amazon,120
Sony SW2 Black Smartwatch 2,$124.95,Wrist,Lifestyle,Sony,"Tokyo, Japan",Tokyo,,Japan,Google Results,30
Spark Fun Electronics Arduino Lilypad Microcontroller Simple Board,$16.96,Wrist,Entertainment,Sparkfun Electronics,"Niwot, Colorado, United States",Niwot,Colorado,United States,Google Results,506
Spark Fun Electronics Lilypad Accelerometer ADXL335,$14.95,Arms,,Sparkfun Electronics,"Niwot, Colorado, United States",Niwot,Colorado,United States,Google Results,91
Sportline 1369650 Step and Distance Pedometer,$14,Waist,Fitness,Sportline,"Elmsford, New York, United States",Elmsford,New York,United States,Google Results,488
Sportline 4360011 Solo 915 Heart Rate Watch Womens,$42,Wrist,Fitness,Sportline,"Elmsford, New York, United States",Elmsford,New York,United States,Google Results,476
Sportline CARDIO 630 (Mens) - Activity tracker - monochrome - black - with heart rate sensor,$49.99,Wrist,Fitness,Sportline,"Elmsford, New York, United States",Elmsford,New York,United States,Google Results,450
Sportline CARDIO 630 (Women) - Activity tracker - monochrome - gray - with heart rate sensor,$37.68,Wrist,Fitness,Sportline,"Elmsford, New York, United States",Elmsford,New York,United States,Google Results,527
Sportline CARDIO 660 (Mens) - Activity tracker - monochrome - black - with heart rate sensor,$42.43,Wrist,Fitness,Sportline,"Elmsford, New York, United States",Elmsford,New York,United States,Google Results,548
Sportline DS Pedometer SP345DS,$24.99,Waist,Fitness,Sportline,"Elmsford, New York, United States",Elmsford,New York,United States,Google Results,514
Sportline DUO 1060 (Womens) - Activity tracker - monochrome - white - with heart rate sensor,$75.99,Wrist,Fitness,Sportline,"Elmsford, New York, United States",Elmsford,New York,United States,Google Results,37
Sportline Men's Cardio Connect Heart Rate Monitor SP1088BK,$49.95,Chest,Medical,Sportline,"Elmsford, New York, United States",Elmsford,New York,United States,Google Results,356
Sportline SOLO 925 (Mens) - Activity tracker - monochrome - black,$56.31,Wrist,Fitness,Sportline,"Elmsford, New York, United States",Elmsford,New York,United States,Google Results,51
Sportline SOLO 925 (Womens) - Activity tracker - monochrome - pink,$59.99,Wrist,Fitness,Sportline,"Elmsford, New York, United States",Elmsford,New York,United States,Google Results,369
Sportline SOLO 965 (Mens) - Activity tracker - black,$54.95,Wrist,Fitness,Sportline,"Elmsford, New York, United States",Elmsford,New York,United States,Google Results,21
Sportline SP1045BK EB Brands Duo 1025 Mens Heart Rate Monitor,$65.87,Wrist,Fitness,Sportline,"Elmsford, New York, United States",Elmsford,New York,United States,Google Results,515
Sportline SP1921BK Solo 915 Heart Rate Watch Mens,$38.99,Wrist,Fitness,Sportline,"Elmsford, New York, United States",Elmsford,New York,United States,Google Results,550
Sportline Women's Cardio Coded Heart Rate Monitor SP1449WH,$45.30,Wrist,Fitness,Sportline,"Elmsford, New York, United States",Elmsford,New York,United States,Google Results,552
Sportline WV1451BK Snapshot Pedometer Heart Rate Monitor,$24.99,Waist,Fitness,Sportline,"Elmsford, New York, United States",Elmsford,New York,United States,Google Results,498
Sportline WV1916SL 370 Traq Pedometer,$25.95,Wrist,Fitness,Sportline,"Elmsford, New York, United States",Elmsford,New York,United States,Google Results,417
Spy Spot TT8850 Real Time Mini Portable GPS Tracker GPS Tracking Device Gl 200 Micro Tracker,,Waist,Entertainment,Spy Spot,"Deerfield Beach, Florida, United States",Deerfield Beach,Florida,United States,Amazon,130
Striiv Fusion Band,$99.99,Wrist,Lifestyle,Striiv,"Redwood City, California, United States",Redwood City,California,United States,Google Results,389
Striiv Touch Fitness Smart Wrist - Black STRV010040A,$79.99,Wrist,Fitness,Striiv,"Redwood City, California, United States",Redwood City,California,United States,Google Results,27
"SunFriend Personal UV Monitor, Black",,Wrist,Medical,Sunfriend,"College Park, Maryland, United States",College Park,Maryland,United States,Amazon,197
"SunFriend Personal UV Monitor, Citrus Orange",,Wrist,Medical,Sunfriend,"College Park, Maryland, United States",College Park,Maryland,United States,Amazon,199
"SunFriend Personal UV Monitor, Grey Mist",,Wrist,Lifestyle,Sunfriend,"College Park, Maryland, United States",College Park,Maryland,United States,Amazon,205
SunSprite Wearable Light Tracker,,Waist,Entertainment,Sunsprite,"Boston, Massachusetts, United States",Boston,Massachusetts,United States,Amazon,198
"Tagg GPS Pet Tracker - Dog and Cat Collar Attachment, White",,Neck,Pets and Animals,Tagg,"San Diego, California, United States",San Diego,California,United States,Amazon,163
Tile for iOS - For Finding Anything and Everything (Retail Packaging),,Waist,Lifestyle,Tile,"San Mateo, California, United States",San Mateo,California,United States,Amazon,148
TomTom Comfort Strap - Turquoise,$29.95,Wrist,Lifestyle,Tomtom,"Amsterdam, Netherlands",Amsterdam,,Netherlands,Google Results,396
"TomTom Comfort Strap, Dark Pink",$24.99,Wrist,,Tomtom,"Amsterdam, Netherlands",Amsterdam,,Netherlands,Google Results,42
"TomTom Fitness Comfort Watchband, Turquoise",$11.99,Wrist,Fitness,Tomtom,"Amsterdam, Netherlands",Amsterdam,,Netherlands,Google Results,240
TomTom Multi-Sport Cardio + Cycle GPS Watch with HRM 15167948,$269.99,Wrist,Fitness,Tomtom,"Amsterdam, Netherlands",Amsterdam,,Netherlands,Google Results,338
TomTom Runner GPS Watch (Grey),,Wrist,Fitness,Tomtom,"Amsterdam, Netherlands",Amsterdam,,Netherlands,Amazon,63
Trackimo TRK-2 GPS Tracking Device,,Waist,Lifestyle,Trackimo,"New York City, New York, United States",New York City,New York,United States,Amazon,140
"Tractive Dog Collar with Safety Interlock Buckle, Large",,Neck,Pets and Animals,Tractive,"Pasching, Austria",Pasching,,Austria,Amazon,173
Tractive GPS Pet Tracker,,Neck,Pets and Animals,Tractive,"Pasching, Austria",Pasching,,Austria,Amazon,170
Tractive Motion Pet Activity Tracker,,Neck,Pets and Animals,Tractive,"Pasching, Austria",Pasching,,Austria,Amazon,171
Trax Personal GPS Tracker (Blue),,Waist,Lifestyle,Trax,"Stockholm, Sweden",Stockholm,,Sweden,Amazon,138
Trax Personal GPS Tracker (Green),,Waist,Lifestyle,Trax,"Stockholm, Sweden",Stockholm,,Sweden,Amazon,147
Trax Personal GPS Tracker (Orange),,Waist,Lifestyle,Trax,"Stockholm, Sweden",Stockholm,,Sweden,Amazon,145
Trax Personal GPS Tracker (Raspberry Red),,Waist,Lifestyle,Trax,"Stockholm, Sweden",Stockholm,,Sweden,Amazon,137
Trionic Steampunk Ear Wearable Hearing Aid Wood Jewelry Realistic Tech Costume Prop Life Size,$59.99,Head,Medical,Trionic,"Glendale, California, United States",Glendale,California,United States,Google Results,242
UP 24 by Jawbone - Bluetooth Enabled - Large - Retail Packaging - Onyx,,Wrist,Lifestyle,Jawbone,"San Francisco, California, United States",San Francisco,California,United States,Amazon,16
UP 24 by Jawbone - Bluetooth Enabled - Medium - Retail Packaging - Onyx,,Wrist,Lifestyle,Jawbone,"San Francisco, California, United States",San Francisco,California,United States,Amazon,7
UP 24 by Jawbone - Bluetooth Enabled - Small - Retail Packaging - Onyx,,Wrist,Lifestyle,Jawbone,"San Francisco, California, United States",San Francisco,California,United States,Amazon,19
V.ALRT VSN400 Personal Emergency Response Device,,Wrist,Lifestyle,VSN Mobil,"Fort Lauderdale, Florida, United States",Fort Lauderdale,Florida,United States,Amazon,131
Veho Muvi Pro Micro DV Camcorder with 4 GB Micro SD,,Head,Entertainment,Veho,"Southampton Hampshire, United Kingdom",Southampton Hampshire,,United Kingdom,Amazon,263
Veho VCC-003-MUVI-BLK MUVI Micro digital camcorder for Action Sports/Surveillance (Includes 2Gb Memory),,Head,Entertainment,Veho,"Southampton Hampshire, United Kingdom",Southampton Hampshire,,United Kingdom,Amazon,264
Veho VCC-005-MUVI-HD10 Muvi HD 1080p Mini Handsfree Camcorder with Remote Control and Wide Angle Lens (4GB Memory...,,Wrist,Entertainment,Veho,"Southampton Hampshire, United Kingdom",Southampton Hampshire,,United Kingdom,Amazon,272
Veho VCC-005-MUVI-NPNG MUVI HD Mini Handsfree ActionCam with Waterproof Case and 8 GB Memory - No Proof No Glory...,,Head,Entertainment,Veho,"Southampton Hampshire, United Kingdom",Southampton Hampshire,,United Kingdom,Amazon,266
Vievu2 Body Worn Camera,,Chest,Entertainment,Vievu,"Seattle, Washington, United States",Seattle,Washington,United States,Amazon,277
VIONIC with Orthaheel Technology Bedford Slide On Mule Women's Clog Shoes,$79.95,Feet,,Vionic,"San Rafael, California, United States",San Rafael,California,United States,Google Results,209
Vivitar DVR785HD-BLU 5MP Pro Waterproof Action Camcorder with Case and Mounts Video Camera with 2-Inch LCD Screen...,,Head,Entertainment,Vivitar,"Edison, New Jersey, United States",Edison,New Jersey,United States,Amazon,84
Vivitar DVR785HD-BLU-AMZ Mini Sport Digital Video Camera with 2-Inch LCD with Touchscreen - Colors May Vary,,Head,Entertainment,Vivitar,"Edison, New Jersey, United States",Edison,New Jersey,United States,Amazon,91
"Vivitar DVR787HD-BLK-INT Action Digital Video Camera with 2-Inch LCD, Black",,Head,Entertainment,Vivitar,"Edison, New Jersey, United States",Edison,New Jersey,United States,Amazon,83
"Vuzix 418T00011 Wrap 1200DX Digital Video Eyewear, Black",$81.87,Head,Gaming,Vuzix,"Rochester, New York, United States",Rochester,New York,United States,Google Results,1
Vuzix Corp. Wrap Lightshield,,Head,Entertainment,Vuzix,"Rochester, New York, United States",Rochester,New York,United States,Amazon,98
Vuzix M100 Smart Glasses (Grey),,Head,Entertainment,Vuzix,"Rochester, New York, United States",Rochester,New York,United States,Amazon,94
Vuzix M100 Smart Glasses (White),,Head,Entertainment,Vuzix,"Rochester, New York, United States",Rochester,New York,United States,Amazon,100
Vuzix Wrap 310XL Widescreen Video Iwear Eyewear Glasses,,Head,Entertainment,Vuzix,"Rochester, New York, United States",Rochester,New York,United States,Amazon,96
Wearable Mini Helmet Camera Action Video Dv DVR Pocket Outdoor Sport Sell Well,,Head,Entertainment,Outdoor Sports,"Wilton, Connecticut, United States",Wilton,Connecticut,United States,Amazon,283
Wearable smart watch phone smart wristwatch smart phone with fitness t China,$98.53,Wrist,Fitness,,Not Found,Not Found,,,Google Results,92
Wearable Talker,$177.57,Wrist,Entertainment,,Not Found,Not Found,,,Google Results,33
Whistle Activity Monitor For Dogs,,Neck,Pets and Animals,Whistle,"San Francisco, California, United States",San Francisco,California,United States,Amazon,164
Whistle BK897541 WhistleTM Wireless Activity Monitor for Dogs,$99.99,Neck,Pets and Animals,Whistle,"San Francisco, California, United States",San Francisco,California,United States,Google Results,36
Wiseup 1280x720 HD Sport Eyewear Sun Glasses Camera Hidden Camera DVR w/ 170??_ Wide View,,Head,Entertainment,Wiseup,,N/A,,,Amazon,298
Wiseup 8GB 1280x720P HD Eyeware Glasses Camera Hidden Camera Covert Camera Mini DVR,,Head,Entertainment,Wiseup,,N/A,,,Amazon,306
Withings Pulse Activity Sleep/Heart Rate Monitor 70011803,$99.95,Chest,Fitness,Withings,"Issy-les-Moulineaux, France",Issy-les-Moulineaux,,France,Google Results,321
Withings Pulse O2 - Activity tracker - Bluetooth - 0.3 oz - black,$119.99,Wrist,Fitness,Withings,"Issy-les-Moulineaux, France",Issy-les-Moulineaux,,France,Google Results,55
"Withings Pulse O2 Activity, Sleep, and Heart Rate + SPO2 Tracker for iOS and Android",,Wrist,Fitness,Withings,"Issy-les-Moulineaux, France",Issy-les-Moulineaux,,France,Amazon,15
"Withings Smart Blood Pressure Monitor (for iPhone, iPad and iPod touch)",,Arms,Medical,Withings,"Issy-les-Moulineaux, France",Issy-les-Moulineaux,,France,Amazon,200
Withings Wireless Blood Pressure Monitor for Apple and Android,,Arms,Medical,Withings,"Issy-les-Moulineaux, France",Issy-les-Moulineaux,,France,Amazon,185
X-doria KidFit / Health and Fitness - Blue,$39,Wrist,Fitness,X-Doria,"Los Angeles, California, United States",Los Angeles,California,United States,Google Results,406
Yes Watch KUNDALINI WTCH w/MIRROR POLISH FINSH,$850,Wrist,Lifestyle,Yes,"La Jolla, California, United States",La Jolla,California,United States,Google Results,555
"YOO1 Activity Tracker with Trackit Jacket, Raspberry",$24.99,Waist,Lifestyle,Yoo,"Ridgefield, Connecticut, United States",Ridgefield,Connecticut,United States,Google Results,365
Zepp Golf 3D Swing Analyzer,,Hands,Gaming,Zepp,"Los Gatos, California, United States",Los Gatos,California,United States,Amazon,176
Zoombak ZMBK346 Advanced GPS Universal Locator,,Waist,Lifestyle,Zoombak,"Cary, North Carolina, United States",Cary,North Carolina,United States,Amazon,143